-- phpMyAdmin SQL Dump
-- version 4.5.1
-- http://www.phpmyadmin.net
--
-- Host: 127.0.0.1
-- Generation Time: Mar 11, 2016 at 06:36 AM
-- Server version: 10.1.9-MariaDB
-- PHP Version: 5.6.15

SET SQL_MODE = "NO_AUTO_VALUE_ON_ZERO";
SET time_zone = "+00:00";


/*!40101 SET @OLD_CHARACTER_SET_CLIENT=@@CHARACTER_SET_CLIENT */;
/*!40101 SET @OLD_CHARACTER_SET_RESULTS=@@CHARACTER_SET_RESULTS */;
/*!40101 SET @OLD_COLLATION_CONNECTION=@@COLLATION_CONNECTION */;
/*!40101 SET NAMES utf8mb4 */;

--
-- Database: `db_odin`
--

-- --------------------------------------------------------

--
-- Table structure for table `announcements`
--

CREATE TABLE `announcements` (
  `id` int(11) NOT NULL,
  `user_id` int(11) NOT NULL,
  `title` varchar(100) DEFAULT NULL,
  `details` text,
  `status` char(1) DEFAULT NULL,
  `created_at` datetime DEFAULT NULL,
  `updated_at` datetime DEFAULT NULL
) ENGINE=InnoDB DEFAULT CHARSET=latin1;

--
-- Dumping data for table `announcements`
--

INSERT INTO `announcements` (`id`, `user_id`, `title`, `details`, `status`, `created_at`, `updated_at`) VALUES
(1, 22, 'sadasds', 'asdasd', 'd', '2015-08-30 11:15:52', '2015-08-30 11:15:52');

-- --------------------------------------------------------

--
-- Table structure for table `applicants`
--

CREATE TABLE `applicants` (
  `id` int(11) NOT NULL,
  `first_name` varchar(255) COLLATE utf8_unicode_ci NOT NULL,
  `last_name` varchar(255) COLLATE utf8_unicode_ci NOT NULL,
  `email` varchar(255) COLLATE utf8_unicode_ci NOT NULL,
  `status` char(1) COLLATE utf8_unicode_ci NOT NULL,
  `created_at` timestamp NOT NULL DEFAULT '0000-00-00 00:00:00',
  `updated_at` timestamp NOT NULL DEFAULT '0000-00-00 00:00:00'
) ENGINE=InnoDB DEFAULT CHARSET=utf8 COLLATE=utf8_unicode_ci;

--
-- Dumping data for table `applicants`
--

INSERT INTO `applicants` (`id`, `first_name`, `last_name`, `email`, `status`, `created_at`, `updated_at`) VALUES
(7, 'test', 'test', 'test@email.com', 'n', '2015-08-15 03:13:26', '2015-08-15 03:13:26'),
(9, 'test', 'test', 'test@email2.com', 'n', '2015-08-15 03:14:04', '2015-08-15 03:14:04'),
(10, 'Nikka', 'Nicolle', 'nikka.caturan@yahoo.com', 'n', '2015-08-16 08:59:02', '2015-08-16 08:59:02'),
(11, 'Shera', 'Sayson', 'sherasayson@yahoo.com', 'n', '2015-08-18 08:37:01', '2015-08-18 08:37:01'),
(15, 'Donna', 'Gavino', 'donnarosegavino@gmail.com', 'n', '2015-08-19 04:07:00', '2015-08-19 04:07:00'),
(16, 'chad', 'delcors', 'chadszx@yahoo.com', 'n', '2015-08-19 04:28:26', '2015-08-19 04:28:26'),
(17, 'Jonathan', 'Napao', 'natnat@yahoo.com', 'n', '2015-08-21 10:10:36', '2015-08-21 10:10:36'),
(23, 'kjlkj', 'lkjlkj', 'test@yyy.com', 'n', '2015-09-05 08:46:54', '2015-09-05 08:46:54'),
(24, 'Donna', 'Gavino', 'donnarosegavino@gmail.com', 'n', '2015-09-05 08:55:15', '2015-09-05 08:55:15'),
(25, 'asd', 'asd', 'schadszx@yahoo.com', 'n', '2015-09-05 08:56:38', '2015-09-05 08:56:38');

-- --------------------------------------------------------

--
-- Table structure for table `audit_trail`
--

CREATE TABLE `audit_trail` (
  `id` int(10) UNSIGNED NOT NULL,
  `user_id` varchar(255) COLLATE utf8_unicode_ci NOT NULL,
  `action_taken` varchar(255) COLLATE utf8_unicode_ci NOT NULL,
  `created_at` timestamp NOT NULL DEFAULT '0000-00-00 00:00:00',
  `updated_at` timestamp NOT NULL DEFAULT '0000-00-00 00:00:00'
) ENGINE=InnoDB DEFAULT CHARSET=utf8 COLLATE=utf8_unicode_ci;

--
-- Dumping data for table `audit_trail`
--

INSERT INTO `audit_trail` (`id`, `user_id`, `action_taken`, `created_at`, `updated_at`) VALUES
(1, '5', 'Created an job opening (Opening ID : 2)', '2015-08-17 20:38:06', '0000-00-00 00:00:00'),
(2, '5', 'Deleted a user (User ID : 11)', '2015-08-19 03:37:16', '0000-00-00 00:00:00'),
(3, '5', 'Deleted a user (User ID : 9)', '2015-08-21 19:29:48', '0000-00-00 00:00:00'),
(4, '1', 'User logged in', '2015-08-22 18:14:11', '0000-00-00 00:00:00'),
(5, '1', 'User logged in', '2015-08-22 18:14:12', '0000-00-00 00:00:00'),
(6, '1', 'User logged in', '2015-08-22 18:14:20', '0000-00-00 00:00:00'),
(7, '1', 'User logged in', '2015-08-22 18:15:10', '0000-00-00 00:00:00'),
(8, '1', 'User logged in', '2015-08-22 18:16:32', '0000-00-00 00:00:00'),
(9, '4', 'User logged in', '2015-08-22 18:16:47', '0000-00-00 00:00:00'),
(10, '4', 'User logged in', '2015-08-22 18:16:47', '0000-00-00 00:00:00'),
(11, '4', 'User logged in', '2015-08-22 18:16:49', '0000-00-00 00:00:00'),
(12, '4', 'User logged in', '2015-08-22 18:17:21', '0000-00-00 00:00:00'),
(13, '4', 'User logged in', '2015-08-22 18:18:46', '0000-00-00 00:00:00'),
(14, '4', 'Applicant stage updated', '2015-08-22 18:19:01', '0000-00-00 00:00:00'),
(15, '4', 'User logged in', '2015-08-22 18:19:59', '0000-00-00 00:00:00'),
(16, '4', 'User logged in', '2015-08-26 03:08:25', '0000-00-00 00:00:00'),
(17, '4', 'User logged in', '2015-08-26 03:08:25', '0000-00-00 00:00:00'),
(18, '4', 'User logged in', '2015-08-26 03:08:27', '0000-00-00 00:00:00'),
(19, '4', 'User logged in', '2015-08-26 03:08:27', '0000-00-00 00:00:00'),
(20, '4', 'User logged in', '2015-08-26 03:08:28', '0000-00-00 00:00:00'),
(21, '4', 'User logged in', '2015-08-26 03:08:29', '0000-00-00 00:00:00'),
(22, '4', 'User logged in', '2015-08-26 03:08:29', '0000-00-00 00:00:00'),
(23, '4', 'User logged in', '2015-08-26 03:08:30', '0000-00-00 00:00:00'),
(24, '4', 'User logged in', '2015-08-26 03:08:30', '0000-00-00 00:00:00'),
(25, '4', 'User logged in', '2015-08-26 03:08:30', '0000-00-00 00:00:00'),
(26, '4', 'User logged in', '2015-08-26 03:08:31', '0000-00-00 00:00:00'),
(27, '4', 'User logged in', '2015-08-26 03:08:35', '0000-00-00 00:00:00'),
(28, '4', 'User logged in', '2015-08-26 03:08:36', '0000-00-00 00:00:00'),
(29, '1', 'User logged in', '2015-08-29 23:07:47', '0000-00-00 00:00:00'),
(30, '1', 'User logged in', '2015-08-29 23:07:48', '0000-00-00 00:00:00'),
(31, '1', 'User logged in', '2015-08-29 23:07:49', '0000-00-00 00:00:00'),
(32, '1', 'User logged in', '2015-08-29 23:07:52', '0000-00-00 00:00:00'),
(33, '1', 'User logged in', '2015-08-29 23:07:53', '0000-00-00 00:00:00'),
(34, '1', 'User logged in', '2015-08-29 23:08:12', '0000-00-00 00:00:00'),
(35, '1', 'User logged in', '2015-08-29 23:08:19', '0000-00-00 00:00:00'),
(36, '1', 'User logged in', '2015-08-29 23:11:47', '0000-00-00 00:00:00'),
(37, '1', 'User logged in', '2015-08-29 23:12:12', '0000-00-00 00:00:00'),
(38, '1', 'User logged in', '2015-08-29 23:12:21', '0000-00-00 00:00:00'),
(39, '1', 'User logged in', '2015-08-29 23:14:04', '0000-00-00 00:00:00'),
(40, '1', 'User logged in', '2015-08-29 23:15:20', '0000-00-00 00:00:00'),
(41, '1', 'User logged in', '2015-08-29 23:15:39', '0000-00-00 00:00:00'),
(42, '1', 'User logged in', '2015-08-29 23:15:47', '0000-00-00 00:00:00'),
(43, '1', 'User logged in', '2015-08-29 23:15:57', '0000-00-00 00:00:00'),
(44, '1', 'User logged in', '2015-08-29 23:16:03', '0000-00-00 00:00:00'),
(45, '1', 'User logged in', '2015-08-29 23:16:17', '0000-00-00 00:00:00'),
(46, '1', 'User logged in', '2015-08-29 23:16:26', '0000-00-00 00:00:00'),
(47, '1', 'User logged in', '2015-08-29 23:16:30', '0000-00-00 00:00:00'),
(48, '1', 'User logged in', '2015-08-29 23:17:03', '0000-00-00 00:00:00'),
(49, '1', 'User logged in', '2015-08-29 23:17:22', '0000-00-00 00:00:00'),
(50, '1', 'User logged in', '2015-08-29 23:17:27', '0000-00-00 00:00:00'),
(51, '1', 'User logged in', '2015-08-29 23:17:32', '0000-00-00 00:00:00'),
(52, '1', 'User logged in', '2015-08-29 23:17:42', '0000-00-00 00:00:00'),
(53, '1', 'User logged in', '2015-08-29 23:17:50', '0000-00-00 00:00:00'),
(54, '1', 'User logged in', '2015-08-29 23:17:55', '0000-00-00 00:00:00'),
(55, '1', 'User logged in', '2015-08-29 23:18:02', '0000-00-00 00:00:00'),
(56, '1', 'User logged in', '2015-08-29 23:18:24', '0000-00-00 00:00:00'),
(57, '1', 'User logged in', '2015-08-29 23:19:57', '0000-00-00 00:00:00'),
(58, '1', 'User logged in', '2015-08-29 23:21:18', '0000-00-00 00:00:00'),
(59, '1', 'User logged in', '2015-08-29 23:21:25', '0000-00-00 00:00:00'),
(60, '1', 'User logged in', '2015-08-29 23:34:29', '0000-00-00 00:00:00'),
(61, '1', 'User logged in', '2015-08-29 23:35:05', '0000-00-00 00:00:00'),
(62, '1', 'User logged in', '2015-08-29 23:35:50', '0000-00-00 00:00:00'),
(63, '1', 'User logged in', '2015-08-29 23:36:35', '0000-00-00 00:00:00'),
(64, '1', 'User logged in', '2015-08-29 23:37:01', '0000-00-00 00:00:00'),
(65, '1', 'User logged in', '2015-08-29 23:37:07', '0000-00-00 00:00:00'),
(66, '1', 'User logged in', '2015-08-29 23:37:20', '0000-00-00 00:00:00'),
(67, '1', 'User logged in', '2015-08-29 23:38:28', '0000-00-00 00:00:00'),
(68, '1', 'User logged in', '2015-08-29 23:39:19', '0000-00-00 00:00:00'),
(69, '1', 'User logged in', '2015-08-29 23:39:31', '0000-00-00 00:00:00'),
(70, '1', 'User logged in', '2015-08-29 23:39:45', '0000-00-00 00:00:00'),
(71, '1', 'User logged in', '2015-08-29 23:40:25', '0000-00-00 00:00:00'),
(72, '1', 'User logged in', '2015-08-29 23:40:42', '0000-00-00 00:00:00'),
(73, '1', 'User logged in', '2015-08-29 23:40:59', '0000-00-00 00:00:00'),
(74, '1', 'User logged in', '2015-08-29 23:41:29', '0000-00-00 00:00:00'),
(75, '1', 'User logged in', '2015-08-29 23:41:41', '0000-00-00 00:00:00'),
(76, '1', 'User logged in', '2015-08-29 23:42:16', '0000-00-00 00:00:00'),
(77, '1', 'User logged in', '2015-08-29 23:43:08', '0000-00-00 00:00:00'),
(78, '1', 'User logged in', '2015-08-29 23:43:18', '0000-00-00 00:00:00'),
(79, '1', 'User logged in', '2015-08-29 23:45:42', '0000-00-00 00:00:00'),
(80, '1', 'User logged in', '2015-08-29 23:45:51', '0000-00-00 00:00:00'),
(81, '1', 'User logged in', '2015-08-29 23:45:57', '0000-00-00 00:00:00'),
(82, '1', 'User logged in', '2015-08-29 23:51:44', '0000-00-00 00:00:00'),
(83, '1', 'User logged in', '2015-08-29 23:51:44', '0000-00-00 00:00:00'),
(84, '1', 'User logged in', '2015-08-29 23:51:45', '0000-00-00 00:00:00'),
(85, '1', 'User logged in', '2015-08-29 23:51:45', '0000-00-00 00:00:00'),
(86, '1', 'User logged in', '2015-08-29 23:51:46', '0000-00-00 00:00:00'),
(87, '1', 'User logged in', '2015-08-29 23:56:24', '0000-00-00 00:00:00'),
(88, '1', 'User logged in', '2015-08-30 00:05:01', '0000-00-00 00:00:00'),
(89, '1', 'User logged in', '2015-08-30 00:05:35', '0000-00-00 00:00:00'),
(90, '1', 'User logged in', '2015-08-30 00:06:57', '0000-00-00 00:00:00'),
(91, '1', 'User logged in', '2015-08-30 00:07:14', '0000-00-00 00:00:00'),
(92, '1', 'User logged in', '2015-08-30 00:07:38', '0000-00-00 00:00:00'),
(93, '1', 'User logged in', '2015-08-30 00:08:00', '0000-00-00 00:00:00'),
(94, '1', 'User logged in', '2015-08-30 00:08:00', '0000-00-00 00:00:00'),
(95, '1', 'User logged in', '2015-08-30 00:08:02', '0000-00-00 00:00:00'),
(96, '1', 'User logged in', '2015-08-30 00:08:04', '0000-00-00 00:00:00'),
(97, '1', 'User logged in', '2015-08-30 00:08:06', '0000-00-00 00:00:00'),
(98, '1', 'User logged in', '2015-08-30 00:08:27', '0000-00-00 00:00:00'),
(99, '1', 'User logged in', '2015-08-30 00:08:36', '0000-00-00 00:00:00'),
(100, '1', 'User logged in', '2015-08-30 00:08:43', '0000-00-00 00:00:00'),
(101, '1', 'User logged in', '2015-08-30 00:10:21', '0000-00-00 00:00:00'),
(102, '1', 'User logged in', '2015-08-30 00:10:29', '0000-00-00 00:00:00'),
(103, '1', 'User logged in', '2015-08-30 00:10:29', '0000-00-00 00:00:00'),
(104, '1', 'User logged in', '2015-08-30 00:10:31', '0000-00-00 00:00:00'),
(105, '4', 'User logged in', '2015-08-30 00:11:17', '0000-00-00 00:00:00'),
(106, '4', 'User logged in', '2015-08-30 00:11:17', '0000-00-00 00:00:00'),
(107, '4', 'User logged in', '2015-08-30 00:11:20', '0000-00-00 00:00:00'),
(108, '4', 'User logged in', '2015-08-30 00:13:01', '0000-00-00 00:00:00'),
(109, '4', 'User logged in', '2015-08-30 00:13:12', '0000-00-00 00:00:00'),
(110, '4', 'User logged in', '2015-08-30 00:13:12', '0000-00-00 00:00:00'),
(111, '4', 'User logged in', '2015-08-30 00:13:19', '0000-00-00 00:00:00'),
(112, '4', 'User logged in', '2015-08-30 00:14:17', '0000-00-00 00:00:00'),
(113, '4', 'User logged in', '2015-08-30 00:14:43', '0000-00-00 00:00:00'),
(114, '4', 'User logged in', '2015-08-30 00:15:11', '0000-00-00 00:00:00'),
(115, '4', 'User logged in', '2015-08-30 00:15:33', '0000-00-00 00:00:00'),
(116, '4', 'User logged in', '2015-08-30 00:16:39', '0000-00-00 00:00:00'),
(117, '4', 'User logged in', '2015-08-30 00:16:40', '0000-00-00 00:00:00'),
(118, '4', 'User logged in', '2015-08-30 00:16:42', '0000-00-00 00:00:00'),
(119, '4', 'User logged in', '2015-08-30 00:16:46', '0000-00-00 00:00:00'),
(120, '4', 'User logged in', '2015-08-30 00:18:12', '0000-00-00 00:00:00'),
(121, '4', 'User logged in', '2015-08-30 00:18:36', '0000-00-00 00:00:00'),
(122, '4', 'User logged in', '2015-08-30 00:18:44', '0000-00-00 00:00:00'),
(123, '4', 'User logged in', '2015-08-30 00:19:03', '0000-00-00 00:00:00'),
(124, '4', 'User logged in', '2015-08-30 00:19:13', '0000-00-00 00:00:00'),
(125, '4', 'User logged in', '2015-08-30 00:22:13', '0000-00-00 00:00:00'),
(126, '4', 'User logged in', '2015-08-30 00:25:45', '0000-00-00 00:00:00'),
(127, '4', 'User logged in', '2015-08-30 00:28:57', '0000-00-00 00:00:00'),
(128, '4', 'User logged in', '2015-08-30 00:29:10', '0000-00-00 00:00:00'),
(129, '4', 'User logged in', '2015-08-30 00:29:28', '0000-00-00 00:00:00'),
(130, '4', 'User logged in', '2015-08-30 00:29:36', '0000-00-00 00:00:00'),
(131, '4', 'User logged in', '2015-08-30 00:31:31', '0000-00-00 00:00:00'),
(132, '4', 'User logged in', '2015-08-30 00:31:31', '0000-00-00 00:00:00'),
(133, '4', 'User logged in', '2015-08-30 00:32:03', '0000-00-00 00:00:00'),
(134, '4', 'User logged in', '2015-08-30 00:32:28', '0000-00-00 00:00:00'),
(135, '4', 'User logged in', '2015-08-30 00:32:38', '0000-00-00 00:00:00'),
(136, '4', 'User logged in', '2015-08-30 00:32:38', '0000-00-00 00:00:00'),
(137, '4', 'User logged in', '2015-08-30 00:32:59', '0000-00-00 00:00:00'),
(138, '4', 'User logged in', '2015-08-30 00:32:59', '0000-00-00 00:00:00'),
(139, '6', 'User logged in', '2015-08-30 00:33:07', '0000-00-00 00:00:00'),
(140, '6', 'User logged in', '2015-08-30 00:33:07', '0000-00-00 00:00:00'),
(141, '4', 'User logged in', '2015-08-30 00:35:27', '0000-00-00 00:00:00'),
(142, '4', 'User logged in', '2015-08-30 00:39:08', '0000-00-00 00:00:00'),
(143, '4', 'User logged in', '2015-08-30 00:39:10', '0000-00-00 00:00:00'),
(144, '4', 'User logged in', '2015-08-30 00:39:25', '0000-00-00 00:00:00'),
(145, '4', 'User logged in', '2015-08-30 00:39:33', '0000-00-00 00:00:00'),
(146, '4', 'User logged in', '2015-08-30 00:39:43', '0000-00-00 00:00:00'),
(147, '4', 'User logged in', '2015-08-30 00:39:55', '0000-00-00 00:00:00'),
(148, '4', 'User logged in', '2015-08-30 02:46:06', '0000-00-00 00:00:00'),
(149, '4', 'User logged in', '2015-08-30 02:46:06', '0000-00-00 00:00:00'),
(150, '4', 'User logged in', '2015-08-30 02:46:08', '0000-00-00 00:00:00'),
(151, '4', 'User logged in', '2015-08-30 02:47:39', '0000-00-00 00:00:00'),
(152, '4', 'User logged in', '2015-08-30 02:47:44', '0000-00-00 00:00:00'),
(153, '18', 'User logged in', '2015-08-30 02:48:11', '0000-00-00 00:00:00'),
(154, '18', 'User logged in', '2015-08-30 02:48:11', '0000-00-00 00:00:00'),
(155, '4', 'User logged in', '2015-08-30 02:49:11', '0000-00-00 00:00:00'),
(156, '4', 'User logged in', '2015-08-30 03:06:53', '0000-00-00 00:00:00'),
(157, '1', 'User logged in', '2015-08-30 03:17:33', '0000-00-00 00:00:00'),
(158, '1', 'User logged in', '2015-08-30 03:17:33', '0000-00-00 00:00:00'),
(159, '1', 'User logged in', '2015-08-30 03:17:34', '0000-00-00 00:00:00'),
(160, '1', 'Created a user (User ID : 22)', '2015-08-30 03:17:56', '0000-00-00 00:00:00'),
(161, '22', 'User logged in', '2015-08-30 03:18:03', '0000-00-00 00:00:00'),
(162, '22', 'User logged in', '2015-08-30 03:18:03', '0000-00-00 00:00:00'),
(163, '22', 'User logged in', '2015-08-30 03:18:06', '0000-00-00 00:00:00'),
(164, '22', 'User logged in', '2015-08-30 03:21:26', '0000-00-00 00:00:00'),
(165, '22', 'User logged in', '2015-08-30 03:22:01', '0000-00-00 00:00:00'),
(166, '22', 'User logged in', '2015-08-30 03:22:16', '0000-00-00 00:00:00'),
(167, '22', 'User logged in', '2015-08-30 03:23:43', '0000-00-00 00:00:00'),
(168, '22', 'User logged in', '2015-08-30 03:24:04', '0000-00-00 00:00:00'),
(169, '22', 'User logged in', '2015-08-30 03:24:45', '0000-00-00 00:00:00'),
(170, '22', 'User logged in', '2015-08-30 03:25:19', '0000-00-00 00:00:00'),
(171, '22', 'User logged in', '2015-08-30 03:26:48', '0000-00-00 00:00:00'),
(172, '22', 'User logged in', '2015-08-30 03:27:13', '0000-00-00 00:00:00'),
(173, '22', 'User logged in', '2015-08-30 03:27:41', '0000-00-00 00:00:00'),
(174, '22', 'User logged in', '2015-08-30 03:30:32', '0000-00-00 00:00:00'),
(175, '22', 'User logged in', '2015-08-30 03:30:56', '0000-00-00 00:00:00'),
(176, '22', 'User logged in', '2015-08-30 03:31:04', '0000-00-00 00:00:00'),
(177, '22', 'User logged in', '2015-08-30 03:32:01', '0000-00-00 00:00:00'),
(178, '22', 'User logged in', '2015-08-30 03:33:01', '0000-00-00 00:00:00'),
(179, '22', 'User logged in', '2015-09-01 04:23:34', '0000-00-00 00:00:00'),
(180, '22', 'User logged in', '2015-09-01 04:23:34', '0000-00-00 00:00:00'),
(181, '22', 'User logged in', '2015-09-01 04:23:36', '0000-00-00 00:00:00'),
(182, '22', 'User logged in', '2015-09-01 04:40:58', '0000-00-00 00:00:00'),
(183, '22', 'User logged in', '2015-09-01 04:40:58', '0000-00-00 00:00:00'),
(184, '22', 'User logged in', '2015-09-01 04:40:59', '0000-00-00 00:00:00'),
(185, '22', 'User logged in', '2015-09-01 04:41:01', '0000-00-00 00:00:00'),
(186, '22', 'User logged in', '2015-09-01 04:41:01', '0000-00-00 00:00:00'),
(187, '22', 'User logged in', '2015-09-01 04:41:02', '0000-00-00 00:00:00'),
(188, '22', 'User logged in', '2015-09-01 04:41:02', '0000-00-00 00:00:00'),
(189, '22', 'User logged in', '2015-09-01 04:41:03', '0000-00-00 00:00:00'),
(190, '22', 'User logged in', '2015-09-01 04:41:03', '0000-00-00 00:00:00'),
(191, '22', 'User logged in', '2015-08-31 17:00:35', '0000-00-00 00:00:00'),
(192, '22', 'User logged in', '2015-08-31 17:00:45', '0000-00-00 00:00:00'),
(193, '22', 'User logged in', '2015-08-31 17:00:51', '0000-00-00 00:00:00'),
(194, '22', 'User logged in', '2015-08-31 17:00:54', '0000-00-00 00:00:00'),
(195, '22', 'User logged in', '2015-08-31 17:01:15', '0000-00-00 00:00:00'),
(196, '22', 'User logged in', '2015-08-31 17:02:22', '0000-00-00 00:00:00'),
(197, '22', 'User logged in', '2015-08-31 17:02:29', '0000-00-00 00:00:00'),
(198, '22', 'User logged in', '2015-08-31 17:03:14', '0000-00-00 00:00:00'),
(199, '22', 'User logged in', '2015-08-31 17:03:31', '0000-00-00 00:00:00'),
(200, '1', 'User logged in', '2015-09-05 03:57:14', '0000-00-00 00:00:00'),
(201, '1', 'User logged in', '2015-09-05 03:57:14', '0000-00-00 00:00:00'),
(202, '1', 'User logged in', '2015-09-05 03:57:17', '0000-00-00 00:00:00'),
(203, '1', 'User logged in', '2015-09-05 03:57:18', '0000-00-00 00:00:00'),
(204, '1', 'User logged in', '2015-09-05 03:57:19', '0000-00-00 00:00:00'),
(205, '1', 'User logged in', '2015-09-05 03:57:20', '0000-00-00 00:00:00'),
(206, '1', 'User logged in', '2015-09-05 03:57:21', '0000-00-00 00:00:00'),
(207, '1', 'User logged in', '2015-09-05 03:57:22', '0000-00-00 00:00:00'),
(208, '1', 'User logged in', '2015-09-05 03:57:29', '0000-00-00 00:00:00'),
(209, '1', 'User logged in', '2015-09-05 03:57:30', '0000-00-00 00:00:00'),
(210, '1', 'User logged in', '2015-09-05 03:57:32', '0000-00-00 00:00:00'),
(211, '1', 'User logged in', '2015-09-05 03:57:33', '0000-00-00 00:00:00'),
(212, '1', 'User logged in', '2015-09-05 04:00:28', '0000-00-00 00:00:00'),
(213, '1', 'User logged in', '2015-09-05 04:00:36', '0000-00-00 00:00:00'),
(214, '1', 'User logged in', '2015-09-05 04:01:24', '0000-00-00 00:00:00'),
(215, '1', 'User logged in', '2015-09-05 04:02:25', '0000-00-00 00:00:00'),
(216, '1', 'User logged in', '2015-09-05 04:02:36', '0000-00-00 00:00:00'),
(217, '1', 'User logged in', '2015-09-05 04:03:12', '0000-00-00 00:00:00'),
(218, '1', 'User logged in', '2015-09-05 04:03:20', '0000-00-00 00:00:00'),
(219, '1', 'User logged in', '2015-09-05 04:04:19', '0000-00-00 00:00:00'),
(220, '1', 'User logged in', '2015-09-05 04:04:52', '0000-00-00 00:00:00'),
(221, '1', 'User logged in', '2015-09-05 04:05:15', '0000-00-00 00:00:00'),
(222, '1', 'User logged in', '2015-09-05 04:05:35', '0000-00-00 00:00:00'),
(223, '1', 'User logged in', '2015-09-05 04:05:45', '0000-00-00 00:00:00'),
(224, '1', 'User logged in', '2015-09-05 04:06:54', '0000-00-00 00:00:00'),
(225, '1', 'User logged in', '2015-09-05 04:07:10', '0000-00-00 00:00:00'),
(226, '1', 'User logged in', '2015-09-05 04:07:19', '0000-00-00 00:00:00'),
(227, '1', 'User logged in', '2015-09-05 04:07:38', '0000-00-00 00:00:00'),
(228, '1', 'User logged in', '2015-09-05 04:07:44', '0000-00-00 00:00:00'),
(229, '1', 'User logged in', '2015-09-05 04:07:58', '0000-00-00 00:00:00'),
(230, '1', 'User logged in', '2015-09-05 04:08:06', '0000-00-00 00:00:00'),
(231, '1', 'User logged in', '2015-09-05 04:08:11', '0000-00-00 00:00:00'),
(232, '1', 'User logged in', '2015-09-05 04:08:23', '0000-00-00 00:00:00'),
(233, '1', 'User logged in', '2015-09-05 04:08:39', '0000-00-00 00:00:00'),
(234, '1', 'User logged in', '2015-09-05 04:09:22', '0000-00-00 00:00:00'),
(235, '1', 'User logged in', '2015-09-05 04:09:28', '0000-00-00 00:00:00'),
(236, '1', 'User logged in', '2015-09-05 04:09:38', '0000-00-00 00:00:00'),
(237, '1', 'User logged in', '2015-09-05 04:09:45', '0000-00-00 00:00:00'),
(238, '1', 'User logged in', '2015-09-05 04:10:24', '0000-00-00 00:00:00'),
(239, '1', 'User logged in', '2015-09-05 04:10:51', '0000-00-00 00:00:00'),
(240, '1', 'User logged in', '2015-09-05 04:11:12', '0000-00-00 00:00:00'),
(241, '1', 'User logged in', '2015-09-05 04:11:21', '0000-00-00 00:00:00'),
(242, '1', 'User logged in', '2015-09-05 04:11:39', '0000-00-00 00:00:00'),
(243, '1', 'User logged in', '2015-09-05 04:11:55', '0000-00-00 00:00:00'),
(244, '1', 'User logged in', '2015-09-05 04:12:10', '0000-00-00 00:00:00'),
(245, '1', 'User logged in', '2015-09-05 04:12:19', '0000-00-00 00:00:00'),
(246, '1', 'User logged in', '2015-09-05 04:13:13', '0000-00-00 00:00:00'),
(247, '1', 'User logged in', '2015-09-05 04:13:34', '0000-00-00 00:00:00'),
(248, '1', 'User logged in', '2015-09-05 04:13:37', '0000-00-00 00:00:00'),
(249, '1', 'User logged in', '2015-09-05 04:14:09', '0000-00-00 00:00:00'),
(250, '1', 'User logged in', '2015-09-05 04:14:38', '0000-00-00 00:00:00'),
(251, '1', 'User logged in', '2015-09-05 04:14:45', '0000-00-00 00:00:00'),
(252, '1', 'User logged in', '2015-09-05 04:14:58', '0000-00-00 00:00:00'),
(253, '1', 'User logged in', '2015-09-05 04:17:20', '0000-00-00 00:00:00'),
(254, '1', 'User logged in', '2015-09-05 04:17:29', '0000-00-00 00:00:00'),
(255, '1', 'User logged in', '2015-09-05 04:17:39', '0000-00-00 00:00:00'),
(256, '1', 'User logged in', '2015-09-05 04:18:39', '0000-00-00 00:00:00'),
(257, '1', 'User logged in', '2015-09-05 04:18:58', '0000-00-00 00:00:00'),
(258, '1', 'User logged in', '2015-09-05 04:19:03', '0000-00-00 00:00:00'),
(259, '1', 'User logged in', '2015-09-05 04:19:16', '0000-00-00 00:00:00'),
(260, '1', 'User logged in', '2015-09-05 04:19:29', '0000-00-00 00:00:00'),
(261, '1', 'User logged in', '2015-09-05 04:20:01', '0000-00-00 00:00:00'),
(262, '1', 'User logged in', '2015-09-05 04:20:18', '0000-00-00 00:00:00'),
(263, '1', 'User logged in', '2015-09-05 04:20:36', '0000-00-00 00:00:00'),
(264, '1', 'User logged in', '2015-09-05 04:20:51', '0000-00-00 00:00:00'),
(265, '1', 'User logged in', '2015-09-05 04:20:57', '0000-00-00 00:00:00'),
(266, '1', 'User logged in', '2015-09-05 04:22:38', '0000-00-00 00:00:00'),
(267, '1', 'User logged in', '2015-09-05 04:22:51', '0000-00-00 00:00:00'),
(268, '1', 'User logged in', '2015-09-05 04:23:14', '0000-00-00 00:00:00'),
(269, '1', 'User logged in', '2015-09-05 04:23:45', '0000-00-00 00:00:00'),
(270, '1', 'User logged in', '2015-09-05 04:23:57', '0000-00-00 00:00:00'),
(271, '1', 'User logged in', '2015-09-05 04:24:03', '0000-00-00 00:00:00'),
(272, '1', 'User logged in', '2015-09-05 04:24:46', '0000-00-00 00:00:00'),
(273, '1', 'User logged in', '2015-09-05 04:24:53', '0000-00-00 00:00:00'),
(274, '1', 'User logged in', '2015-09-05 04:25:07', '0000-00-00 00:00:00'),
(275, '1', 'User logged in', '2015-09-05 04:25:13', '0000-00-00 00:00:00'),
(276, '1', 'User logged in', '2015-09-05 04:25:35', '0000-00-00 00:00:00'),
(277, '1', 'User logged in', '2015-09-05 04:25:42', '0000-00-00 00:00:00'),
(278, '1', 'User logged in', '2015-09-05 04:25:47', '0000-00-00 00:00:00'),
(279, '1', 'User logged in', '2015-09-05 04:25:54', '0000-00-00 00:00:00'),
(280, '1', 'User logged in', '2015-09-05 04:26:07', '0000-00-00 00:00:00'),
(281, '1', 'User logged in', '2015-09-05 04:26:32', '0000-00-00 00:00:00'),
(282, '1', 'User logged in', '2015-09-05 04:26:54', '0000-00-00 00:00:00'),
(283, '1', 'User logged in', '2015-09-05 04:26:58', '0000-00-00 00:00:00'),
(284, '1', 'User logged in', '2015-09-05 04:27:23', '0000-00-00 00:00:00'),
(285, '1', 'User logged in', '2015-09-05 04:27:54', '0000-00-00 00:00:00'),
(286, '1', 'User logged in', '2015-09-05 04:28:12', '0000-00-00 00:00:00'),
(287, '1', 'User logged in', '2015-09-05 04:28:20', '0000-00-00 00:00:00'),
(288, '1', 'User logged in', '2015-09-05 04:28:35', '0000-00-00 00:00:00'),
(289, '1', 'User logged in', '2015-09-05 04:28:41', '0000-00-00 00:00:00'),
(290, '22', 'User logged in', '2015-09-05 04:29:27', '0000-00-00 00:00:00'),
(291, '22', 'User logged in', '2015-09-05 04:29:28', '0000-00-00 00:00:00'),
(292, '22', 'User logged in', '2015-09-05 04:29:58', '0000-00-00 00:00:00'),
(293, '22', 'User logged in', '2015-09-05 04:30:33', '0000-00-00 00:00:00'),
(294, '1', 'User logged in', '2015-09-05 04:30:53', '0000-00-00 00:00:00'),
(295, '1', 'User logged in', '2015-09-05 04:30:53', '0000-00-00 00:00:00'),
(296, '1', 'User logged in', '2015-09-05 04:45:26', '0000-00-00 00:00:00'),
(297, '1', 'User logged in', '2015-09-05 04:45:38', '0000-00-00 00:00:00'),
(298, '1', 'User logged in', '2015-09-05 04:45:51', '0000-00-00 00:00:00'),
(299, '1', 'User logged in', '2015-09-05 04:46:00', '0000-00-00 00:00:00'),
(300, '1', 'User logged in', '2015-09-05 04:46:07', '0000-00-00 00:00:00'),
(301, '1', 'User logged in', '2015-09-05 04:46:07', '0000-00-00 00:00:00'),
(302, '1', 'User logged in', '2015-09-05 04:46:22', '0000-00-00 00:00:00'),
(303, '1', 'User logged in', '2015-09-05 04:46:23', '0000-00-00 00:00:00'),
(304, '1', 'User logged in', '2015-09-05 04:47:11', '0000-00-00 00:00:00'),
(305, '1', 'User logged in', '2015-09-05 04:47:13', '0000-00-00 00:00:00'),
(306, '1', 'User logged in', '2015-09-05 04:47:13', '0000-00-00 00:00:00'),
(307, '1', 'User logged in', '2015-09-05 04:47:21', '0000-00-00 00:00:00'),
(308, '1', 'User logged in', '2015-09-05 04:47:26', '0000-00-00 00:00:00'),
(309, '1', 'User logged in', '2015-09-05 04:47:26', '0000-00-00 00:00:00'),
(310, '1', 'User logged in', '2015-09-05 04:47:56', '0000-00-00 00:00:00'),
(311, '1', 'User logged in', '2015-09-05 04:47:58', '0000-00-00 00:00:00'),
(312, '1', 'User logged in', '2015-09-05 04:47:59', '0000-00-00 00:00:00'),
(313, '1', 'User logged in', '2015-09-05 04:48:46', '0000-00-00 00:00:00'),
(314, '1', 'User logged in', '2015-09-05 04:48:46', '0000-00-00 00:00:00'),
(315, '1', 'User logged in', '2015-09-05 04:49:05', '0000-00-00 00:00:00'),
(316, '1', 'User logged in', '2015-09-05 04:49:30', '0000-00-00 00:00:00'),
(317, '1', 'User logged in', '2015-09-05 04:49:35', '0000-00-00 00:00:00'),
(318, '1', 'User logged in', '2015-09-05 04:49:37', '0000-00-00 00:00:00'),
(319, '1', 'User logged in', '2015-09-05 04:50:10', '0000-00-00 00:00:00'),
(320, '1', 'User logged in', '2015-09-05 04:50:27', '0000-00-00 00:00:00'),
(321, '1', 'User logged in', '2015-09-05 04:51:06', '0000-00-00 00:00:00'),
(322, '1', 'User logged in', '2015-09-05 04:51:28', '0000-00-00 00:00:00'),
(323, '1', 'User logged in', '2015-09-05 04:52:02', '0000-00-00 00:00:00'),
(324, '1', 'User logged in', '2015-09-05 04:52:19', '0000-00-00 00:00:00'),
(325, '1', 'User logged in', '2015-09-05 04:52:27', '0000-00-00 00:00:00'),
(326, '1', 'User logged in', '2015-09-05 04:52:35', '0000-00-00 00:00:00'),
(327, '1', 'User logged in', '2015-09-05 04:52:46', '0000-00-00 00:00:00'),
(328, '1', 'User logged in', '2015-09-05 04:52:51', '0000-00-00 00:00:00'),
(329, '1', 'User logged in', '2015-09-05 04:53:01', '0000-00-00 00:00:00'),
(330, '1', 'User logged in', '2015-09-05 04:53:27', '0000-00-00 00:00:00'),
(331, '1', 'User logged in', '2015-09-05 04:53:31', '0000-00-00 00:00:00'),
(332, '1', 'User logged in', '2015-09-05 04:53:45', '0000-00-00 00:00:00'),
(333, '1', 'User logged in', '2015-09-05 04:53:56', '0000-00-00 00:00:00'),
(334, '1', 'User logged in', '2015-09-05 04:54:01', '0000-00-00 00:00:00'),
(335, '1', 'User logged in', '2015-09-05 04:54:11', '0000-00-00 00:00:00'),
(336, '1', 'User logged in', '2015-09-05 04:54:17', '0000-00-00 00:00:00'),
(337, '1', 'User logged in', '2015-09-05 04:54:57', '0000-00-00 00:00:00'),
(338, '1', 'User logged in', '2015-09-05 04:55:03', '0000-00-00 00:00:00'),
(339, '1', 'User logged in', '2015-09-05 04:55:08', '0000-00-00 00:00:00'),
(340, '1', 'User logged in', '2015-09-05 04:55:17', '0000-00-00 00:00:00'),
(341, '1', 'User logged in', '2015-09-05 04:55:25', '0000-00-00 00:00:00'),
(342, '1', 'User logged in', '2015-09-05 04:55:33', '0000-00-00 00:00:00'),
(343, '1', 'User logged in', '2015-09-05 04:55:37', '0000-00-00 00:00:00'),
(344, '1', 'User logged in', '2015-09-05 04:55:40', '0000-00-00 00:00:00'),
(345, '1', 'User logged in', '2015-09-05 04:55:43', '0000-00-00 00:00:00'),
(346, '1', 'User logged in', '2015-09-05 04:55:46', '0000-00-00 00:00:00'),
(347, '1', 'User logged in', '2015-09-05 04:55:52', '0000-00-00 00:00:00'),
(348, '1', 'User logged in', '2015-09-05 04:55:56', '0000-00-00 00:00:00'),
(349, '1', 'User logged in', '2015-09-05 04:56:00', '0000-00-00 00:00:00'),
(350, '1', 'User logged in', '2015-09-05 04:56:05', '0000-00-00 00:00:00'),
(351, '1', 'User logged in', '2015-09-05 04:56:08', '0000-00-00 00:00:00'),
(352, '1', 'User logged in', '2015-09-05 04:56:14', '0000-00-00 00:00:00'),
(353, '1', 'User logged in', '2015-09-05 04:56:17', '0000-00-00 00:00:00'),
(354, '1', 'User logged in', '2015-09-05 04:57:06', '0000-00-00 00:00:00'),
(355, '1', 'User logged in', '2015-09-05 04:57:12', '0000-00-00 00:00:00'),
(356, '1', 'User logged in', '2015-09-05 04:57:21', '0000-00-00 00:00:00'),
(357, '1', 'User logged in', '2015-09-05 04:57:31', '0000-00-00 00:00:00'),
(358, '1', 'User logged in', '2015-09-05 04:57:37', '0000-00-00 00:00:00'),
(359, '1', 'User logged in', '2015-09-05 04:57:53', '0000-00-00 00:00:00'),
(360, '1', 'User logged in', '2015-09-05 04:57:58', '0000-00-00 00:00:00'),
(361, '1', 'User logged in', '2015-09-05 04:58:36', '0000-00-00 00:00:00'),
(362, '1', 'User logged in', '2015-09-05 04:58:40', '0000-00-00 00:00:00'),
(363, '1', 'User logged in', '2015-09-05 04:58:44', '0000-00-00 00:00:00'),
(364, '1', 'User logged in', '2015-09-05 04:58:50', '0000-00-00 00:00:00'),
(365, '1', 'User logged in', '2015-09-05 04:58:57', '0000-00-00 00:00:00'),
(366, '1', 'User logged in', '2015-09-05 04:59:06', '0000-00-00 00:00:00'),
(367, '1', 'User logged in', '2015-09-05 04:59:44', '0000-00-00 00:00:00'),
(368, '1', 'User logged in', '2015-09-04 17:00:06', '0000-00-00 00:00:00'),
(369, '1', 'User logged in', '2015-09-04 17:00:32', '0000-00-00 00:00:00'),
(370, '1', 'User logged in', '2015-09-04 17:00:50', '0000-00-00 00:00:00'),
(371, '1', 'User logged in', '2015-09-04 17:01:31', '0000-00-00 00:00:00'),
(372, '1', 'User logged in', '2015-09-04 17:01:44', '0000-00-00 00:00:00'),
(373, '1', 'User logged in', '2015-09-04 17:02:39', '0000-00-00 00:00:00'),
(374, '1', 'User logged in', '2015-09-04 17:02:43', '0000-00-00 00:00:00'),
(375, '1', 'User logged in', '2015-09-04 17:03:19', '0000-00-00 00:00:00'),
(376, '1', 'User logged in', '2015-09-04 17:03:39', '0000-00-00 00:00:00'),
(377, '1', 'User logged in', '2015-09-04 17:03:54', '0000-00-00 00:00:00'),
(378, '1', 'User logged in', '2015-09-04 17:04:14', '0000-00-00 00:00:00'),
(379, '1', 'User logged in', '2015-09-04 17:05:14', '0000-00-00 00:00:00'),
(380, '1', 'User logged in', '2015-09-04 17:05:35', '0000-00-00 00:00:00'),
(381, '1', 'User logged in', '2015-09-04 17:05:51', '0000-00-00 00:00:00'),
(382, '1', 'User logged in', '2015-09-04 17:06:05', '0000-00-00 00:00:00'),
(383, '1', 'User logged in', '2015-09-04 17:06:17', '0000-00-00 00:00:00'),
(384, '1', 'User logged in', '2015-09-04 17:06:31', '0000-00-00 00:00:00'),
(385, '1', 'User logged in', '2015-09-04 17:06:51', '0000-00-00 00:00:00'),
(386, '1', 'User logged in', '2015-09-04 17:06:59', '0000-00-00 00:00:00'),
(387, '1', 'User logged in', '2015-09-04 17:07:18', '0000-00-00 00:00:00'),
(388, '1', 'User logged in', '2015-09-04 17:07:34', '0000-00-00 00:00:00'),
(389, '1', 'User logged in', '2015-09-04 17:07:39', '0000-00-00 00:00:00'),
(390, '1', 'User logged in', '2015-09-04 17:07:50', '0000-00-00 00:00:00'),
(391, '1', 'User logged in', '2015-09-04 17:08:11', '0000-00-00 00:00:00'),
(392, '1', 'User logged in', '2015-09-04 17:08:48', '0000-00-00 00:00:00'),
(393, '1', 'User logged in', '2015-09-04 17:09:03', '0000-00-00 00:00:00'),
(394, '1', 'User logged in', '2015-09-04 17:09:44', '0000-00-00 00:00:00'),
(395, '1', 'User logged in', '2015-09-04 17:10:12', '0000-00-00 00:00:00'),
(396, '1', 'User logged in', '2015-09-04 17:10:21', '0000-00-00 00:00:00'),
(397, '1', 'User logged in', '2015-09-04 17:10:36', '0000-00-00 00:00:00'),
(398, '1', 'User logged in', '2015-09-04 17:10:59', '0000-00-00 00:00:00'),
(399, '1', 'User logged in', '2015-09-04 17:11:05', '0000-00-00 00:00:00'),
(400, '1', 'User logged in', '2015-09-04 17:11:15', '0000-00-00 00:00:00'),
(401, '1', 'User logged in', '2015-09-04 17:11:40', '0000-00-00 00:00:00'),
(402, '1', 'User logged in', '2015-09-04 17:13:06', '0000-00-00 00:00:00'),
(403, '1', 'User logged in', '2015-09-04 17:13:15', '0000-00-00 00:00:00'),
(404, '1', 'User logged in', '2015-09-04 17:13:21', '0000-00-00 00:00:00'),
(405, '1', 'User logged in', '2015-09-04 17:13:28', '0000-00-00 00:00:00'),
(406, '1', 'User logged in', '2015-09-04 17:13:43', '0000-00-00 00:00:00'),
(407, '1', 'User logged in', '2015-09-04 17:31:37', '0000-00-00 00:00:00'),
(408, '1', 'User logged in', '2015-09-04 17:31:37', '0000-00-00 00:00:00'),
(409, '1', 'User logged in', '2015-09-04 17:32:08', '0000-00-00 00:00:00'),
(410, '1', 'User logged in', '2015-09-04 17:32:12', '0000-00-00 00:00:00'),
(411, '1', 'User logged in', '2015-09-04 17:32:29', '0000-00-00 00:00:00'),
(412, '1', 'User logged in', '2015-09-04 17:32:55', '0000-00-00 00:00:00'),
(413, '1', 'User logged in', '2015-09-04 17:33:08', '0000-00-00 00:00:00'),
(414, '1', 'User logged in', '2015-09-04 17:33:17', '0000-00-00 00:00:00'),
(415, '1', 'User logged in', '2015-09-04 17:33:29', '0000-00-00 00:00:00'),
(416, '1', 'User logged in', '2015-09-04 19:07:24', '0000-00-00 00:00:00'),
(417, '1', 'User logged in', '2015-09-04 19:07:24', '0000-00-00 00:00:00'),
(418, '1', 'User logged in', '2015-09-04 19:07:34', '0000-00-00 00:00:00'),
(419, '1', 'User logged in', '2015-09-04 19:23:18', '0000-00-00 00:00:00'),
(420, '1', 'User logged in', '2015-09-04 19:24:12', '0000-00-00 00:00:00'),
(421, '1', 'User logged in', '2015-09-04 19:24:24', '0000-00-00 00:00:00'),
(422, '1', 'User logged in', '2015-09-04 19:24:35', '0000-00-00 00:00:00'),
(423, '1', 'User logged in', '2015-09-04 19:24:51', '0000-00-00 00:00:00'),
(424, '1', 'User logged in', '2015-09-04 19:25:25', '0000-00-00 00:00:00'),
(425, '1', 'User logged in', '2015-09-04 19:25:44', '0000-00-00 00:00:00'),
(426, '1', 'User logged in', '2015-09-04 19:27:03', '0000-00-00 00:00:00'),
(427, '1', 'User logged in', '2015-09-04 19:27:23', '0000-00-00 00:00:00'),
(428, '1', 'User logged in', '2015-09-04 19:28:50', '0000-00-00 00:00:00'),
(429, '1', 'User logged in', '2015-09-04 19:29:02', '0000-00-00 00:00:00'),
(430, '1', 'User logged in', '2015-09-04 19:29:56', '0000-00-00 00:00:00'),
(431, '1', 'User logged in', '2015-09-04 19:30:04', '0000-00-00 00:00:00'),
(432, '1', 'User logged in', '2015-09-04 19:30:13', '0000-00-00 00:00:00'),
(433, '1', 'User logged in', '2015-09-04 19:30:52', '0000-00-00 00:00:00'),
(434, '1', 'User logged in', '2015-09-04 19:33:55', '0000-00-00 00:00:00'),
(435, '1', 'User logged in', '2015-09-04 19:34:20', '0000-00-00 00:00:00'),
(436, '1', 'User logged in', '2015-09-04 19:42:08', '0000-00-00 00:00:00'),
(437, '1', 'User logged in', '2015-09-04 19:42:52', '0000-00-00 00:00:00'),
(438, '1', 'User logged in', '2015-09-04 19:43:30', '0000-00-00 00:00:00'),
(439, '1', 'User logged in', '2015-09-04 19:43:46', '0000-00-00 00:00:00'),
(440, '1', 'User logged in', '2015-09-04 19:45:16', '0000-00-00 00:00:00'),
(441, '1', 'User logged in', '2015-09-04 19:46:02', '0000-00-00 00:00:00'),
(442, '1', 'User logged in', '2015-09-04 19:46:29', '0000-00-00 00:00:00'),
(443, '1', 'User logged in', '2015-09-04 19:46:41', '0000-00-00 00:00:00'),
(444, '1', 'User logged in', '2015-09-04 19:47:34', '0000-00-00 00:00:00'),
(445, '1', 'User logged in', '2015-09-04 19:47:53', '0000-00-00 00:00:00'),
(446, '1', 'User logged in', '2015-09-04 19:48:08', '0000-00-00 00:00:00'),
(447, '1', 'User logged in', '2015-09-04 19:49:31', '0000-00-00 00:00:00'),
(448, '1', 'User logged in', '2015-09-04 19:50:06', '0000-00-00 00:00:00'),
(449, '1', 'User logged in', '2015-09-04 19:50:35', '0000-00-00 00:00:00'),
(450, '1', 'User logged in', '2015-09-04 19:50:42', '0000-00-00 00:00:00'),
(451, '1', 'User logged in', '2015-09-04 19:50:51', '0000-00-00 00:00:00'),
(452, '1', 'User logged in', '2015-09-04 19:51:33', '0000-00-00 00:00:00'),
(453, '1', 'User logged in', '2015-09-04 19:52:32', '0000-00-00 00:00:00'),
(454, '1', 'User logged in', '2015-09-04 19:53:26', '0000-00-00 00:00:00'),
(455, '1', 'User logged in', '2015-09-04 19:53:34', '0000-00-00 00:00:00'),
(456, '1', 'User logged in', '2015-09-04 19:54:27', '0000-00-00 00:00:00'),
(457, '1', 'User logged in', '2015-09-04 19:54:40', '0000-00-00 00:00:00'),
(458, '1', 'User logged in', '2015-09-04 19:55:12', '0000-00-00 00:00:00'),
(459, '1', 'User logged in', '2015-09-04 19:55:19', '0000-00-00 00:00:00'),
(460, '1', 'User logged in', '2015-09-04 19:55:55', '0000-00-00 00:00:00'),
(461, '1', 'User logged in', '2015-09-04 19:56:42', '0000-00-00 00:00:00'),
(462, '1', 'User logged in', '2015-09-04 19:56:55', '0000-00-00 00:00:00'),
(463, '1', 'User logged in', '2015-09-04 19:57:06', '0000-00-00 00:00:00'),
(464, '1', 'User logged in', '2015-09-04 19:57:28', '0000-00-00 00:00:00'),
(465, '1', 'User logged in', '2015-09-04 20:01:51', '0000-00-00 00:00:00'),
(466, '1', 'User logged in', '2015-09-04 20:05:18', '0000-00-00 00:00:00'),
(467, '1', 'User logged in', '2015-09-04 20:06:04', '0000-00-00 00:00:00'),
(468, '1', 'User logged in', '2015-09-04 20:10:05', '0000-00-00 00:00:00'),
(469, '1', 'User logged in', '2015-09-04 20:10:05', '0000-00-00 00:00:00'),
(470, '1', 'User logged in', '2015-09-04 20:10:12', '0000-00-00 00:00:00'),
(471, '1', 'User logged in', '2015-09-04 20:14:38', '0000-00-00 00:00:00'),
(472, '1', 'User logged in', '2015-09-04 20:14:39', '0000-00-00 00:00:00'),
(473, '1', 'User logged in', '2015-09-04 20:14:42', '0000-00-00 00:00:00'),
(474, '1', 'User logged in', '2015-09-04 20:15:11', '0000-00-00 00:00:00'),
(475, '1', 'User logged in', '2015-09-04 20:15:11', '0000-00-00 00:00:00'),
(476, '1', 'User logged in', '2015-09-04 20:15:51', '0000-00-00 00:00:00'),
(477, '1', 'User logged in', '2015-09-04 20:15:54', '0000-00-00 00:00:00'),
(478, '1', 'User logged in', '2015-09-04 20:16:26', '0000-00-00 00:00:00'),
(479, '1', 'User logged in', '2015-09-04 20:16:26', '0000-00-00 00:00:00'),
(480, '1', 'User logged in', '2015-09-04 20:16:31', '0000-00-00 00:00:00'),
(481, '1', 'User logged in', '2015-09-04 20:19:30', '0000-00-00 00:00:00'),
(482, '1', 'User logged in', '2015-09-04 20:21:10', '0000-00-00 00:00:00'),
(483, '1', 'User logged in', '2015-09-04 20:21:21', '0000-00-00 00:00:00'),
(484, '1', 'User logged in', '2015-09-04 20:21:30', '0000-00-00 00:00:00'),
(485, '1', 'User logged in', '2015-09-04 20:22:04', '0000-00-00 00:00:00'),
(486, '1', 'User logged in', '2015-09-04 20:23:32', '0000-00-00 00:00:00'),
(487, '1', 'User logged in', '2015-09-04 20:24:24', '0000-00-00 00:00:00'),
(488, '1', 'User logged in', '2015-09-04 20:24:46', '0000-00-00 00:00:00'),
(489, '1', 'User logged in', '2015-09-04 20:25:43', '0000-00-00 00:00:00'),
(490, '1', 'User logged in', '2015-09-04 20:25:43', '0000-00-00 00:00:00'),
(491, '1', 'User logged in', '2015-09-04 20:25:59', '0000-00-00 00:00:00'),
(492, '1', 'User logged in', '2015-09-04 20:26:02', '0000-00-00 00:00:00'),
(493, '1', 'User logged in', '2015-09-04 20:26:06', '0000-00-00 00:00:00'),
(494, '1', 'User logged in', '2015-09-04 20:26:21', '0000-00-00 00:00:00'),
(495, '22', 'User logged in', '2015-09-04 20:27:39', '0000-00-00 00:00:00'),
(496, '22', 'User logged in', '2015-09-04 20:27:39', '0000-00-00 00:00:00'),
(497, '22', 'User logged in', '2015-09-04 20:28:03', '0000-00-00 00:00:00'),
(498, '22', 'User logged in', '2015-09-04 20:28:04', '0000-00-00 00:00:00'),
(499, '22', 'User logged in', '2015-09-04 20:28:21', '0000-00-00 00:00:00'),
(500, '22', 'User logged in', '2015-09-04 20:28:49', '0000-00-00 00:00:00'),
(501, '22', 'User logged in', '2015-09-04 20:28:49', '0000-00-00 00:00:00'),
(502, '22', 'User logged in', '2015-09-04 20:28:53', '0000-00-00 00:00:00'),
(503, '22', 'User logged in', '2015-09-04 20:29:04', '0000-00-00 00:00:00'),
(504, '1', 'User logged in', '2015-09-04 20:29:20', '0000-00-00 00:00:00'),
(505, '1', 'User logged in', '2015-09-04 20:29:20', '0000-00-00 00:00:00'),
(506, '1', 'User logged in', '2015-09-04 20:29:21', '0000-00-00 00:00:00'),
(507, '22', 'User logged in', '2015-09-04 20:29:42', '0000-00-00 00:00:00'),
(508, '22', 'User logged in', '2015-09-04 20:29:42', '0000-00-00 00:00:00'),
(509, '22', 'User logged in', '2015-09-04 20:29:45', '0000-00-00 00:00:00'),
(510, '6', 'User logged in', '2015-09-04 20:30:06', '0000-00-00 00:00:00'),
(511, '6', 'User logged in', '2015-09-04 20:30:06', '0000-00-00 00:00:00'),
(512, '6', 'User logged in', '2015-09-04 20:30:11', '0000-00-00 00:00:00'),
(513, '6', 'User logged in', '2015-09-04 20:30:46', '0000-00-00 00:00:00'),
(514, '6', 'User logged in', '2015-09-04 20:32:11', '0000-00-00 00:00:00'),
(515, '6', 'User logged in', '2015-09-04 20:32:35', '0000-00-00 00:00:00'),
(516, '6', 'User logged in', '2015-09-04 20:33:00', '0000-00-00 00:00:00'),
(517, '6', 'User logged in', '2015-09-04 20:34:09', '0000-00-00 00:00:00'),
(518, '6', 'User logged in', '2015-09-04 20:34:26', '0000-00-00 00:00:00'),
(519, '6', 'User logged in', '2015-09-04 20:34:56', '0000-00-00 00:00:00'),
(520, '6', 'User logged in', '2015-09-04 20:35:03', '0000-00-00 00:00:00'),
(521, '24', 'User logged in', '2015-09-04 20:55:48', '0000-00-00 00:00:00'),
(522, '24', 'User logged in', '2015-09-04 20:55:48', '0000-00-00 00:00:00'),
(523, '25', 'User logged in', '2015-09-04 20:56:49', '0000-00-00 00:00:00'),
(524, '25', 'User logged in', '2015-09-04 20:56:49', '0000-00-00 00:00:00'),
(525, '25', 'User logged in', '2015-09-04 20:58:28', '0000-00-00 00:00:00'),
(526, '25', 'User logged in', '2015-09-04 20:58:37', '0000-00-00 00:00:00'),
(527, '25', 'User logged in', '2015-09-04 20:59:12', '0000-00-00 00:00:00'),
(528, '25', 'User logged in', '2015-09-04 21:01:10', '0000-00-00 00:00:00'),
(529, '25', 'User logged in', '2015-09-04 21:02:17', '0000-00-00 00:00:00'),
(530, '1', 'User logged in', '2015-09-04 21:02:30', '0000-00-00 00:00:00'),
(531, '1', 'User logged in', '2015-09-04 21:02:30', '0000-00-00 00:00:00'),
(532, '1', 'User logged in', '2015-09-04 21:02:34', '0000-00-00 00:00:00'),
(533, '25', 'User logged in', '2015-09-04 21:03:20', '0000-00-00 00:00:00'),
(534, '1', 'User logged in', '2015-09-04 21:03:23', '0000-00-00 00:00:00'),
(535, '25', 'User logged in', '2015-09-04 21:03:56', '0000-00-00 00:00:00'),
(536, '25', 'User logged in', '2015-09-04 21:04:23', '0000-00-00 00:00:00'),
(537, '1', 'User logged in', '2015-09-04 21:04:27', '0000-00-00 00:00:00'),
(538, '25', 'User logged in', '2015-09-04 21:05:25', '0000-00-00 00:00:00'),
(539, '25', 'User logged in', '2015-09-04 21:05:38', '0000-00-00 00:00:00'),
(540, '22', 'User logged in', '2015-09-04 21:58:22', '0000-00-00 00:00:00'),
(541, '22', 'User logged in', '2015-09-04 21:58:22', '0000-00-00 00:00:00'),
(542, '22', 'User logged in', '2015-09-04 21:58:25', '0000-00-00 00:00:00'),
(543, '1', 'User logged in', '2015-09-04 22:02:45', '0000-00-00 00:00:00'),
(544, '1', 'User logged in', '2015-09-04 22:02:45', '0000-00-00 00:00:00'),
(545, '1', 'User logged in', '2015-09-04 22:02:52', '0000-00-00 00:00:00'),
(546, '1', 'User logged in', '2015-09-04 22:03:32', '0000-00-00 00:00:00'),
(547, '1', 'User logged in', '2015-09-04 22:03:35', '0000-00-00 00:00:00'),
(548, '1', 'User logged in', '2015-09-04 22:03:43', '0000-00-00 00:00:00'),
(549, '1', 'User logged in', '2015-09-04 22:04:12', '0000-00-00 00:00:00'),
(550, '1', 'User logged in', '2015-09-04 22:04:29', '0000-00-00 00:00:00'),
(551, '1', 'User logged in', '2016-03-10 00:50:40', '0000-00-00 00:00:00'),
(552, '1', 'User logged in', '2016-03-10 00:50:41', '0000-00-00 00:00:00'),
(553, '1', 'User logged in', '2016-03-10 00:50:43', '0000-00-00 00:00:00'),
(554, '1', 'User logged in', '2016-03-10 00:50:52', '0000-00-00 00:00:00'),
(555, '1', 'User logged in', '2016-03-10 00:52:46', '0000-00-00 00:00:00'),
(556, '1', 'User logged in', '2016-03-10 00:53:03', '0000-00-00 00:00:00'),
(557, '1', 'User logged in', '2016-03-10 00:53:04', '0000-00-00 00:00:00'),
(558, '1', 'User logged in', '2016-03-10 00:53:06', '0000-00-00 00:00:00'),
(559, '1', 'User logged in', '2016-03-10 00:56:10', '0000-00-00 00:00:00'),
(560, '1', 'User logged in', '2016-03-10 00:56:11', '0000-00-00 00:00:00'),
(561, '4', 'User logged in', '2016-03-10 00:59:44', '0000-00-00 00:00:00'),
(562, '4', 'User logged in', '2016-03-10 00:59:44', '0000-00-00 00:00:00'),
(563, '4', 'User logged in', '2016-03-10 00:59:57', '0000-00-00 00:00:00'),
(564, '4', 'User logged in', '2016-03-10 01:00:00', '0000-00-00 00:00:00'),
(565, '4', 'User logged in', '2016-03-10 01:00:05', '0000-00-00 00:00:00'),
(566, '4', 'User logged in', '2016-03-10 01:01:25', '0000-00-00 00:00:00'),
(567, '4', 'User logged in', '2016-03-10 01:01:34', '0000-00-00 00:00:00'),
(568, '4', 'User logged in', '2016-03-10 01:01:40', '0000-00-00 00:00:00'),
(569, '4', 'User logged in', '2016-03-10 19:49:46', '0000-00-00 00:00:00'),
(570, '4', 'User logged in', '2016-03-10 19:49:47', '0000-00-00 00:00:00'),
(571, '4', 'User logged in', '2016-03-10 19:49:51', '0000-00-00 00:00:00'),
(572, '4', 'User logged in', '2016-03-10 19:50:15', '0000-00-00 00:00:00'),
(573, '4', 'User logged in', '2016-03-10 19:51:19', '0000-00-00 00:00:00'),
(574, '4', 'User logged in', '2016-03-10 19:53:30', '0000-00-00 00:00:00'),
(575, '4', 'User logged in', '2016-03-10 19:54:44', '0000-00-00 00:00:00'),
(576, '4', 'User logged in', '2016-03-10 19:59:18', '0000-00-00 00:00:00'),
(577, '4', 'User logged in', '2016-03-10 20:00:39', '0000-00-00 00:00:00'),
(578, '4', 'User logged in', '2016-03-10 20:01:35', '0000-00-00 00:00:00'),
(579, '4', 'User logged in', '2016-03-10 20:06:31', '0000-00-00 00:00:00'),
(580, '4', 'User logged in', '2016-03-10 20:06:40', '0000-00-00 00:00:00'),
(581, '4', 'User logged in', '2016-03-10 20:07:37', '0000-00-00 00:00:00'),
(582, '4', 'User logged in', '2016-03-10 20:13:56', '0000-00-00 00:00:00'),
(583, '4', 'User logged in', '2016-03-10 20:14:10', '0000-00-00 00:00:00'),
(584, '4', 'User logged in', '2016-03-10 20:14:18', '0000-00-00 00:00:00'),
(585, '4', 'User logged in', '2016-03-10 20:14:40', '0000-00-00 00:00:00'),
(586, '4', 'User logged in', '2016-03-10 20:23:38', '0000-00-00 00:00:00'),
(587, '4', 'User logged in', '2016-03-10 20:25:50', '0000-00-00 00:00:00'),
(588, '4', 'Payroll created', '2016-03-10 20:29:22', '0000-00-00 00:00:00'),
(589, '4', 'User logged in', '2016-03-10 20:29:30', '0000-00-00 00:00:00'),
(590, '4', 'User logged in', '2016-03-10 20:38:27', '0000-00-00 00:00:00'),
(591, '4', 'User logged in', '2016-03-10 20:38:47', '0000-00-00 00:00:00'),
(592, '4', 'User logged in', '2016-03-10 20:38:56', '0000-00-00 00:00:00'),
(593, '4', 'User logged in', '2016-03-10 20:39:00', '0000-00-00 00:00:00'),
(594, '4', 'User logged in', '2016-03-10 20:40:59', '0000-00-00 00:00:00'),
(595, '4', 'User logged in', '2016-03-10 20:41:17', '0000-00-00 00:00:00'),
(596, '4', 'User logged in', '2016-03-10 20:42:21', '0000-00-00 00:00:00'),
(597, '4', 'User logged in', '2016-03-10 20:42:24', '0000-00-00 00:00:00'),
(598, '4', 'User logged in', '2016-03-10 20:42:27', '0000-00-00 00:00:00'),
(599, '4', 'User logged in', '2016-03-10 20:42:42', '0000-00-00 00:00:00'),
(600, '5', 'User logged in', '2016-03-10 20:43:57', '0000-00-00 00:00:00'),
(601, '5', 'User logged in', '2016-03-10 20:43:58', '0000-00-00 00:00:00'),
(602, '5', 'User logged in', '2016-03-10 20:44:01', '0000-00-00 00:00:00'),
(603, '5', 'User logged in', '2016-03-10 20:44:08', '0000-00-00 00:00:00'),
(604, '5', 'User logged in', '2016-03-10 20:44:10', '0000-00-00 00:00:00'),
(605, '4', 'User logged in', '2016-03-10 20:44:40', '0000-00-00 00:00:00'),
(606, '4', 'User logged in', '2016-03-10 20:44:40', '0000-00-00 00:00:00'),
(607, '4', 'User logged in', '2016-03-10 20:44:42', '0000-00-00 00:00:00'),
(608, '4', 'User logged in', '2016-03-10 20:44:56', '0000-00-00 00:00:00'),
(609, '5', 'User logged in', '2016-03-10 20:46:22', '0000-00-00 00:00:00'),
(610, '5', 'User logged in', '2016-03-10 20:47:25', '0000-00-00 00:00:00'),
(611, '4', 'User logged in', '2016-03-10 20:47:31', '0000-00-00 00:00:00'),
(612, '4', 'User logged in', '2016-03-10 20:47:47', '0000-00-00 00:00:00'),
(613, '5', 'User logged in', '2016-03-10 20:48:14', '0000-00-00 00:00:00'),
(614, '4', 'User logged in', '2016-03-10 20:48:18', '0000-00-00 00:00:00'),
(615, '4', 'User logged in', '2016-03-10 20:48:22', '0000-00-00 00:00:00'),
(616, '4', 'User logged in', '2016-03-10 20:51:28', '0000-00-00 00:00:00'),
(617, '4', 'Employee added.', '2016-03-10 20:52:16', '0000-00-00 00:00:00'),
(618, '5', 'User logged in', '2016-03-10 20:55:53', '0000-00-00 00:00:00'),
(619, '4', 'User logged in', '2016-03-10 20:57:02', '0000-00-00 00:00:00'),
(620, '4', 'User logged in', '2016-03-10 20:57:15', '0000-00-00 00:00:00'),
(621, '4', 'User logged in', '2016-03-10 20:57:21', '0000-00-00 00:00:00'),
(622, '5', 'User logged in', '2016-03-10 20:57:41', '0000-00-00 00:00:00'),
(623, '4', 'User logged in', '2016-03-10 20:57:43', '0000-00-00 00:00:00'),
(624, '1', 'User logged in', '2016-03-10 21:00:34', '0000-00-00 00:00:00'),
(625, '1', 'User logged in', '2016-03-10 21:00:35', '0000-00-00 00:00:00'),
(626, '1', 'User logged in', '2016-03-10 21:00:37', '0000-00-00 00:00:00'),
(627, '1', 'Created a user (User ID : 27)', '2016-03-10 21:01:01', '0000-00-00 00:00:00'),
(628, '1', 'Created a user (User ID : 28)', '2016-03-10 21:01:30', '0000-00-00 00:00:00'),
(629, '27', 'User logged in', '2016-03-10 21:10:31', '0000-00-00 00:00:00'),
(630, '27', 'User logged in', '2016-03-10 21:10:31', '0000-00-00 00:00:00'),
(631, '27', 'User logged in', '2016-03-10 21:10:33', '0000-00-00 00:00:00'),
(632, '27', 'User logged in', '2016-03-10 21:12:22', '0000-00-00 00:00:00'),
(633, '27', 'User logged in', '2016-03-10 21:12:56', '0000-00-00 00:00:00'),
(634, '27', 'User logged in', '2016-03-10 21:15:26', '0000-00-00 00:00:00'),
(635, '28', 'User logged in', '2016-03-10 21:16:26', '0000-00-00 00:00:00'),
(636, '28', 'User logged in', '2016-03-10 21:16:26', '0000-00-00 00:00:00'),
(637, '28', 'User logged in', '2016-03-10 21:16:31', '0000-00-00 00:00:00'),
(638, '28', 'User logged in', '2016-03-10 21:18:00', '0000-00-00 00:00:00'),
(639, '28', 'User logged in', '2016-03-10 21:19:51', '0000-00-00 00:00:00'),
(640, '28', 'User logged in', '2016-03-10 21:20:22', '0000-00-00 00:00:00'),
(641, '28', 'Payroll created', '2016-03-10 21:21:49', '0000-00-00 00:00:00'),
(642, '28', 'User logged in', '2016-03-10 21:21:56', '0000-00-00 00:00:00'),
(643, '28', 'User logged in', '2016-03-10 21:22:28', '0000-00-00 00:00:00'),
(644, '28', 'User logged in', '2016-03-10 21:22:38', '0000-00-00 00:00:00'),
(645, '28', 'User logged in', '2016-03-10 21:22:44', '0000-00-00 00:00:00'),
(646, '28', 'User logged in', '2016-03-10 21:22:54', '0000-00-00 00:00:00'),
(647, '6', 'User logged in', '2016-03-10 21:23:34', '0000-00-00 00:00:00'),
(648, '6', 'User logged in', '2016-03-10 21:23:35', '0000-00-00 00:00:00'),
(649, '6', 'User logged in', '2016-03-10 21:23:40', '0000-00-00 00:00:00'),
(650, '6', 'User logged in', '2016-03-10 21:23:45', '0000-00-00 00:00:00'),
(651, '6', 'User logged in', '2016-03-10 21:24:04', '0000-00-00 00:00:00'),
(652, '6', 'User logged in', '2016-03-10 21:24:07', '0000-00-00 00:00:00'),
(653, '6', 'User logged in', '2016-03-10 21:24:11', '0000-00-00 00:00:00'),
(654, '28', 'User logged in', '2016-03-10 21:24:29', '0000-00-00 00:00:00'),
(655, '28', 'User logged in', '2016-03-10 21:24:30', '0000-00-00 00:00:00'),
(656, '28', 'User logged in', '2016-03-10 21:24:47', '0000-00-00 00:00:00'),
(657, '28', 'User logged in', '2016-03-10 21:25:38', '0000-00-00 00:00:00'),
(658, '28', 'User logged in', '2016-03-10 21:27:13', '0000-00-00 00:00:00'),
(659, '28', 'Employee added.', '2016-03-10 21:27:43', '0000-00-00 00:00:00'),
(660, '31', 'User logged in', '2016-03-10 21:28:04', '0000-00-00 00:00:00'),
(661, '31', 'User logged in', '2016-03-10 21:28:04', '0000-00-00 00:00:00'),
(662, '31', 'User logged in', '2016-03-10 21:28:08', '0000-00-00 00:00:00'),
(663, '31', 'User logged in', '2016-03-10 21:28:13', '0000-00-00 00:00:00'),
(664, '28', 'User logged in', '2016-03-10 21:29:10', '0000-00-00 00:00:00'),
(665, '28', 'User logged in', '2016-03-10 21:35:56', '0000-00-00 00:00:00');

-- --------------------------------------------------------

--
-- Table structure for table `companies`
--

CREATE TABLE `companies` (
  `id` int(10) UNSIGNED NOT NULL,
  `company_code` varchar(255) COLLATE utf8_unicode_ci NOT NULL,
  `name` varchar(50) COLLATE utf8_unicode_ci NOT NULL,
  `location` varchar(255) COLLATE utf8_unicode_ci NOT NULL,
  `contact_person` varchar(50) COLLATE utf8_unicode_ci NOT NULL,
  `created_at` timestamp NOT NULL DEFAULT '0000-00-00 00:00:00',
  `updated_at` timestamp NOT NULL DEFAULT '0000-00-00 00:00:00'
) ENGINE=InnoDB DEFAULT CHARSET=utf8 COLLATE=utf8_unicode_ci;

--
-- Dumping data for table `companies`
--

INSERT INTO `companies` (`id`, `company_code`, `name`, `location`, `contact_person`, `created_at`, `updated_at`) VALUES
(1, 'TEST', 'TEST', 'TEST', 'TEST', '2015-08-16 12:30:26', '2015-08-16 12:30:26');

-- --------------------------------------------------------

--
-- Table structure for table `db_logs`
--

CREATE TABLE `db_logs` (
  `id` int(10) UNSIGNED NOT NULL,
  `user_id` varchar(255) COLLATE utf8_unicode_ci NOT NULL,
  `log_type` varchar(255) COLLATE utf8_unicode_ci NOT NULL,
  `created_at` timestamp NOT NULL DEFAULT '0000-00-00 00:00:00',
  `updated_at` timestamp NOT NULL DEFAULT '0000-00-00 00:00:00'
) ENGINE=InnoDB DEFAULT CHARSET=utf8 COLLATE=utf8_unicode_ci;

-- --------------------------------------------------------

--
-- Table structure for table `deductions`
--

CREATE TABLE `deductions` (
  `id` int(11) NOT NULL,
  `employee_id` varchar(20) DEFAULT NULL,
  `deduction_type_id` int(11) DEFAULT NULL,
  `deduction_effective_date` datetime DEFAULT NULL,
  `deduction_end_date` datetime DEFAULT NULL,
  `net_deduction_amount` decimal(10,2) DEFAULT NULL
) ENGINE=InnoDB DEFAULT CHARSET=latin1;

-- --------------------------------------------------------

--
-- Table structure for table `departments`
--

CREATE TABLE `departments` (
  `id` int(10) UNSIGNED NOT NULL,
  `department` varchar(255) COLLATE utf8_unicode_ci NOT NULL,
  `created_at` timestamp NOT NULL DEFAULT '0000-00-00 00:00:00',
  `updated_at` timestamp NOT NULL DEFAULT '0000-00-00 00:00:00'
) ENGINE=InnoDB DEFAULT CHARSET=utf8 COLLATE=utf8_unicode_ci;

--
-- Dumping data for table `departments`
--

INSERT INTO `departments` (`id`, `department`, `created_at`, `updated_at`) VALUES
(1, 'Accounting', '0000-00-00 00:00:00', '0000-00-00 00:00:00'),
(2, 'Marketing', '0000-00-00 00:00:00', '0000-00-00 00:00:00'),
(3, 'Sales', '0000-00-00 00:00:00', '0000-00-00 00:00:00'),
(4, 'Staff', '0000-00-00 00:00:00', '0000-00-00 00:00:00'),
(5, 'Service Center', '0000-00-00 00:00:00', '0000-00-00 00:00:00'),
(6, 'Software Development', '0000-00-00 00:00:00', '0000-00-00 00:00:00'),
(7, 'Human Resource', '0000-00-00 00:00:00', '0000-00-00 00:00:00');

-- --------------------------------------------------------

--
-- Table structure for table `employees`
--

CREATE TABLE `employees` (
  `id` int(10) UNSIGNED NOT NULL,
  `schedule_id` int(11) DEFAULT NULL,
  `profile_id` int(11) NOT NULL,
  `user_id` int(11) NOT NULL,
  `branch_id` int(11) NOT NULL,
  `exemption_id` int(11) DEFAULT NULL,
  `excemption` int(11) NOT NULL,
  `employee_number` varchar(11) COLLATE utf8_unicode_ci NOT NULL,
  `contact_number` varchar(11) COLLATE utf8_unicode_ci NOT NULL,
  `civil_status` varchar(20) COLLATE utf8_unicode_ci NOT NULL,
  `gender` char(1) COLLATE utf8_unicode_ci NOT NULL,
  `address` varchar(255) COLLATE utf8_unicode_ci NOT NULL,
  `birth_date` date NOT NULL,
  `department_id` int(11) NOT NULL,
  `position_id` int(11) NOT NULL,
  `hire_date` date NOT NULL,
  `endo_date` date NOT NULL,
  `account_number` varchar(20) COLLATE utf8_unicode_ci NOT NULL,
  `phil_health_number` varchar(20) COLLATE utf8_unicode_ci NOT NULL,
  `sss_number` varchar(20) COLLATE utf8_unicode_ci NOT NULL,
  `tin_number` varchar(20) COLLATE utf8_unicode_ci NOT NULL,
  `pagibig_number` varchar(20) COLLATE utf8_unicode_ci NOT NULL,
  `created_at` timestamp NOT NULL DEFAULT '0000-00-00 00:00:00',
  `updated_at` timestamp NOT NULL DEFAULT '0000-00-00 00:00:00'
) ENGINE=InnoDB DEFAULT CHARSET=utf8 COLLATE=utf8_unicode_ci;

--
-- Dumping data for table `employees`
--

INSERT INTO `employees` (`id`, `schedule_id`, `profile_id`, `user_id`, `branch_id`, `exemption_id`, `excemption`, `employee_number`, `contact_number`, `civil_status`, `gender`, `address`, `birth_date`, `department_id`, `position_id`, `hire_date`, `endo_date`, `account_number`, `phil_health_number`, `sss_number`, `tin_number`, `pagibig_number`, `created_at`, `updated_at`) VALUES
(1, NULL, 1, 5, 0, 1, 0, '15-090803', '', '', '', '', '0000-00-00', 3, 3, '2015-08-12', '2015-12-30', '', '', '', '', '', '2015-08-13 10:57:50', '2016-03-10 21:16:55'),
(2, NULL, 2, 6, 0, 2, 0, '15-090804', '', '', '', '', '0000-00-00', 2, 1, '2015-08-13', '2016-01-30', '', '', '', '', '', '2015-08-13 11:02:00', '2015-08-13 11:02:00'),
(3, NULL, 3, 12, 0, NULL, 0, '15-090805', '', '', '', '', '0000-00-00', 1, 1, '2015-08-01', '2016-02-29', '', '', '', '', '', '2015-08-19 01:27:52', '2015-08-19 01:27:52'),
(4, NULL, 4, 18, 0, 6, 0, '15-090806', '', '', '', '', '0000-00-00', 1, 1, '2015-07-31', '2015-08-30', '', '', '', '', '', '2015-08-22 10:46:36', '2015-08-22 10:46:36'),
(5, NULL, 5, 19, 0, 2, 0, '15-090807', '', '', '', '', '0000-00-00', 2, 2, '2015-08-27', '2015-11-14', '', '', '', '', '', '2015-08-23 06:17:04', '2015-08-23 06:17:04'),
(9, NULL, 22, 29, 0, 2, 0, '16-031101', '', '', '', '', '0000-00-00', 1, 3, '2016-03-17', '2016-09-30', '', '', '', '', '', '2016-03-10 21:25:24', '2016-03-10 21:25:24'),
(10, NULL, 23, 30, 0, 2, 0, '16-031102', '', '', '', '', '0000-00-00', 2, 2, '2016-03-11', '2016-03-13', '', '', '', '', '', '2016-03-10 21:26:22', '2016-03-10 21:26:22'),
(11, NULL, 24, 31, 0, 3, 0, '16-031103', '', '', '', '', '0000-00-00', 2, 6, '2016-03-17', '2016-03-31', '', '', '', '', '', '2016-03-10 21:27:43', '2016-03-10 21:27:43');

-- --------------------------------------------------------

--
-- Table structure for table `employee_attendance`
--

CREATE TABLE `employee_attendance` (
  `id` int(11) NOT NULL,
  `employee_number` varchar(20) DEFAULT NULL,
  `login_date` date NOT NULL,
  `log_in_time` time NOT NULL,
  `log_out_time` time NOT NULL,
  `hours_late_in` double NOT NULL,
  `hours_early_out` double NOT NULL,
  `is_absent` char(1) NOT NULL,
  `total_time` float NOT NULL,
  `net_time` float NOT NULL,
  `over_time` float NOT NULL,
  `updated_at` timestamp NOT NULL DEFAULT CURRENT_TIMESTAMP ON UPDATE CURRENT_TIMESTAMP,
  `created_at` timestamp NOT NULL DEFAULT '0000-00-00 00:00:00'
) ENGINE=InnoDB DEFAULT CHARSET=latin1;

--
-- Dumping data for table `employee_attendance`
--

INSERT INTO `employee_attendance` (`id`, `employee_number`, `login_date`, `log_in_time`, `log_out_time`, `hours_late_in`, `hours_early_out`, `is_absent`, `total_time`, `net_time`, `over_time`, `updated_at`, `created_at`) VALUES
(1, '15-090803', '2016-02-01', '08:32:00', '17:30:00', 0, 0, 'n', 8, 8, 0, '2016-03-10 21:19:28', '2016-03-10 21:19:28'),
(2, '15-090803', '2016-02-02', '07:27:00', '17:28:00', 0, 0, 'n', 8, 8, 0, '2016-03-10 21:19:28', '2016-03-10 21:19:28'),
(3, '15-090803', '2016-02-03', '08:32:00', '17:32:00', 0, 0, 'n', 8, 8, 0, '2016-03-10 21:19:28', '2016-03-10 21:19:28'),
(4, '15-090803', '2016-02-04', '08:15:00', '17:30:00', 0, 0, 'n', 8, 8, 0, '2016-03-10 21:19:28', '2016-03-10 21:19:28'),
(5, '15-090803', '2016-02-05', '08:28:00', '17:32:00', 0, 0, 'n', 8, 8, 0, '2016-03-10 21:19:28', '2016-03-10 21:19:28'),
(6, '15-090803', '2016-02-08', '08:02:00', '17:10:00', 0, 0.33, 'n', 8, 7.67, 0, '2016-03-10 21:19:28', '2016-03-10 21:19:28'),
(7, '15-090803', '2016-02-09', '08:31:00', '17:32:00', 0, 0, 'n', 8, 8, 0, '2016-03-10 21:19:28', '2016-03-10 21:19:28'),
(8, '15-090803', '2016-02-10', '08:26:00', '17:35:00', 0, 0, 'n', 8, 8, 0, '2016-03-10 21:19:29', '2016-03-10 21:19:29'),
(9, '15-090803', '2016-02-11', '08:30:00', '17:34:00', 0, 0, 'n', 8, 8, 0, '2016-03-10 21:19:29', '2016-03-10 21:19:29'),
(10, '15-090803', '2016-02-12', '08:28:00', '19:41:00', 0, 0, 'n', 8, 8, 0, '2016-03-10 21:19:29', '2016-03-10 21:19:29'),
(11, '15-090803', '2016-02-15', '08:29:00', '17:30:00', 0, 0, 'n', 8, 8, 0, '2016-03-10 21:19:29', '2016-03-10 21:19:29'),
(12, '15-090803', '2016-02-16', '08:30:00', '17:32:00', 0, 0, 'n', 8, 8, 0, '2016-03-10 21:19:29', '2016-03-10 21:19:29'),
(13, '15-090803', '2016-02-17', '08:01:00', '17:00:00', 0, 0.5, 'n', 8, 7.5, 0, '2016-03-10 21:19:29', '2016-03-10 21:19:29'),
(14, '15-090803', '2016-02-18', '08:25:00', '17:50:00', 0, 0, 'n', 8, 8, 0, '2016-03-10 21:19:29', '2016-03-10 21:19:29'),
(15, '15-090803', '2016-02-19', '07:00:00', '17:01:00', 0, 0.48, 'n', 8, 8, 0, '2016-03-10 21:19:29', '2016-03-10 21:19:29'),
(16, '15-090803', '2016-02-22', '08:28:00', '17:31:00', 0, 0, 'n', 8, 8, 0, '2016-03-10 21:19:29', '2016-03-10 21:19:29'),
(17, '15-090803', '2016-02-23', '08:28:00', '17:35:00', 0, 0, 'n', 8, 8, 0, '2016-03-10 21:19:29', '2016-03-10 21:19:29'),
(18, '15-090803', '2016-02-24', '08:29:00', '18:30:00', 0, 0, 'n', 8, 8, 0, '2016-03-10 21:19:29', '2016-03-10 21:19:29'),
(19, '15-090803', '2016-02-25', '08:30:00', '17:31:00', 0, 0, 'n', 8, 8, 0, '2016-03-10 21:19:29', '2016-03-10 21:19:29'),
(20, '15-090803', '2016-02-26', '08:25:00', '19:01:00', 0, 0, 'n', 8, 8, 0, '2016-03-10 21:19:29', '2016-03-10 21:19:29'),
(21, '15-090804', '2016-02-01', '08:50:00', '18:33:00', 0.33, 0, 'n', 8, 7.67, 0, '2016-03-10 21:19:29', '2016-03-10 21:19:29'),
(22, '15-090804', '2016-02-02', '08:27:00', '17:28:00', 0, 0, 'n', 8, 8, 0, '2016-03-10 21:19:29', '2016-03-10 21:19:29'),
(23, '15-090804', '2016-02-03', '08:32:00', '17:51:00', 0, 0, 'n', 8, 8, 0, '2016-03-10 21:19:29', '2016-03-10 21:19:29'),
(24, '15-090804', '2016-02-04', '08:10:00', '17:30:00', 0, 0, 'n', 8, 8, 0, '2016-03-10 21:19:29', '2016-03-10 21:19:29'),
(25, '15-090804', '2016-02-05', '08:29:00', '17:33:00', 0, 0, 'n', 8, 8, 0, '2016-03-10 21:19:30', '2016-03-10 21:19:30'),
(26, '15-090804', '2016-02-08', '08:24:00', '17:10:00', 0, 0.33, 'n', 8, 7.67, 0, '2016-03-10 21:19:30', '2016-03-10 21:19:30'),
(27, '15-090804', '2016-02-09', '08:31:00', '17:32:00', 0, 0, 'n', 8, 8, 0, '2016-03-10 21:19:30', '2016-03-10 21:19:30'),
(28, '15-090804', '2016-02-10', '07:33:00', '17:27:00', 0, 0, 'n', 8, 8, 0, '2016-03-10 21:19:30', '2016-03-10 21:19:30'),
(29, '15-090804', '2016-02-11', '08:30:00', '17:34:00', 0, 0, 'n', 8, 8, 0, '2016-03-10 21:19:30', '2016-03-10 21:19:30'),
(30, '15-090804', '2016-02-12', '08:28:00', '17:41:00', 0, 0, 'n', 8, 8, 0, '2016-03-10 21:19:30', '2016-03-10 21:19:30'),
(31, '15-090804', '2016-02-15', '08:30:00', '17:30:00', 0, 0, 'n', 8, 8, 0, '2016-03-10 21:19:30', '2016-03-10 21:19:30'),
(32, '15-090804', '2016-02-16', '08:30:00', '17:32:00', 0, 0, 'n', 8, 8, 0, '2016-03-10 21:19:30', '2016-03-10 21:19:30'),
(33, '15-090804', '2016-02-17', '08:01:00', '17:00:00', 0, 0.5, 'n', 8, 7.5, 0, '2016-03-10 21:19:30', '2016-03-10 21:19:30'),
(34, '15-090804', '2016-02-18', '08:25:00', '17:58:00', 0, 0, 'n', 8, 8, 0, '2016-03-10 21:19:30', '2016-03-10 21:19:30'),
(35, '15-090804', '2016-02-19', '08:15:00', '17:20:00', 0, 0.17, 'n', 8, 7.83, 0, '2016-03-10 21:19:30', '2016-03-10 21:19:30'),
(36, '15-090804', '2016-02-22', '08:28:00', '17:31:00', 0, 0, 'n', 8, 8, 0, '2016-03-10 21:19:30', '2016-03-10 21:19:30'),
(37, '15-090804', '2016-02-23', '08:28:00', '17:35:00', 0, 0, 'n', 8, 8, 0, '2016-03-10 21:19:30', '2016-03-10 21:19:30'),
(38, '15-090804', '2016-02-24', '08:29:00', '17:42:00', 0, 0, 'n', 8, 8, 0, '2016-03-10 21:19:30', '2016-03-10 21:19:30'),
(39, '15-090804', '2016-02-25', '08:30:00', '17:31:00', 0, 0, 'n', 8, 8, 0, '2016-03-10 21:19:30', '2016-03-10 21:19:30'),
(40, '15-090804', '2016-02-26', '08:25:00', '17:32:00', 0, 0, 'n', 8, 8, 0, '2016-03-10 21:19:30', '2016-03-10 21:19:30'),
(41, '15-090805', '2016-02-01', '08:32:00', '17:30:00', 0, 0, 'n', 8, 8, 0, '2016-03-10 21:19:30', '2016-03-10 21:19:30'),
(42, '15-090805', '2016-02-02', '08:27:00', '17:29:00', 0, 0, 'n', 8, 8, 0, '2016-03-10 21:19:30', '2016-03-10 21:19:30'),
(43, '15-090805', '2016-02-03', '08:31:00', '17:32:00', 0, 0, 'n', 8, 8, 0, '2016-03-10 21:19:30', '2016-03-10 21:19:30'),
(44, '15-090805', '2016-02-04', '08:24:00', '17:31:00', 0, 0, 'n', 8, 8, 0, '2016-03-10 21:19:31', '2016-03-10 21:19:31'),
(45, '15-090805', '2016-02-05', '08:29:00', '17:33:00', 0, 0, 'n', 8, 8, 0, '2016-03-10 21:19:31', '2016-03-10 21:19:31'),
(46, '15-090805', '2016-02-08', '09:00:00', '17:30:00', 0.5, 0, 'n', 8, 7.5, 0, '2016-03-10 21:19:31', '2016-03-10 21:19:31'),
(47, '15-090805', '2016-02-09', '08:31:00', '17:31:00', 0, 0, 'n', 8, 8, 0, '2016-03-10 21:19:31', '2016-03-10 21:19:31'),
(48, '15-090805', '2016-02-10', '08:26:00', '17:35:00', 0, 0, 'n', 8, 8, 0, '2016-03-10 21:19:31', '2016-03-10 21:19:31'),
(49, '15-090805', '2016-02-11', '08:30:00', '17:33:00', 0, 0, 'n', 8, 8, 0, '2016-03-10 21:19:31', '2016-03-10 21:19:31'),
(50, '15-090805', '2016-02-12', '08:28:00', '17:41:00', 0, 0, 'n', 8, 8, 0, '2016-03-10 21:19:31', '2016-03-10 21:19:31'),
(51, '15-090805', '2016-02-15', '08:29:00', '17:30:00', 0, 0, 'n', 8, 8, 0, '2016-03-10 21:19:31', '2016-03-10 21:19:31'),
(52, '15-090805', '2016-02-16', '08:30:00', '17:32:00', 0, 0, 'n', 8, 8, 0, '2016-03-10 21:19:31', '2016-03-10 21:19:31'),
(53, '15-090805', '2016-02-17', '08:28:00', '17:00:00', 0, 0.5, 'n', 8, 7.5, 0, '2016-03-10 21:19:31', '2016-03-10 21:19:31'),
(54, '15-090805', '2016-02-18', '08:25:00', '17:58:00', 0, 0, 'n', 8, 8, 0, '2016-03-10 21:19:31', '2016-03-10 21:19:31'),
(55, '15-090805', '2016-02-19', '07:30:00', '17:20:00', 0, 0.17, 'n', 8, 8, 0, '2016-03-10 21:19:31', '2016-03-10 21:19:31'),
(56, '15-090805', '2016-02-22', '08:28:00', '17:31:00', 0, 0, 'n', 8, 8, 0, '2016-03-10 21:19:31', '2016-03-10 21:19:31'),
(57, '15-090805', '2016-02-23', '08:28:00', '19:35:00', 0, 0, 'n', 8, 8, 0, '2016-03-10 21:19:31', '2016-03-10 21:19:31'),
(58, '15-090805', '2016-02-24', '08:29:00', '17:42:00', 0, 0, 'n', 8, 8, 0, '2016-03-10 21:19:31', '2016-03-10 21:19:31'),
(59, '15-090805', '2016-02-25', '08:30:00', '17:31:00', 0, 0, 'n', 8, 8, 0, '2016-03-10 21:19:31', '2016-03-10 21:19:31'),
(60, '15-090805', '2016-02-26', '08:26:00', '17:32:00', 0, 0, 'n', 8, 8, 0, '2016-03-10 21:19:31', '2016-03-10 21:19:31'),
(61, '15-090806', '2016-02-01', '09:00:00', '19:00:00', 0.5, 0, 'n', 8, 7.5, 0, '2016-03-10 21:19:31', '2016-03-10 21:19:31'),
(62, '15-090806', '2016-02-02', '08:27:00', '17:30:00', 0, 0, 'n', 8, 8, 0, '2016-03-10 21:19:31', '2016-03-10 21:19:31'),
(63, '15-090806', '2016-02-03', '08:31:00', '17:32:00', 0, 0, 'n', 8, 8, 0, '2016-03-10 21:19:31', '2016-03-10 21:19:31'),
(64, '15-090806', '2016-02-04', '07:55:00', '17:30:00', 0, 0, 'n', 8, 8, 0, '2016-03-10 21:19:32', '2016-03-10 21:19:32'),
(65, '15-090806', '2016-02-05', '08:29:00', '17:33:00', 0, 0, 'n', 8, 8, 0, '2016-03-10 21:19:32', '2016-03-10 21:19:32'),
(66, '15-090806', '2016-02-08', '08:32:00', '17:30:00', 0, 0, 'n', 8, 8, 0, '2016-03-10 21:19:32', '2016-03-10 21:19:32'),
(67, '15-090806', '2016-02-09', '08:31:00', '17:31:00', 0, 0, 'n', 8, 8, 0, '2016-03-10 21:19:32', '2016-03-10 21:19:32'),
(68, '15-090806', '2016-02-10', '08:26:00', '17:28:00', 0, 0, 'n', 8, 8, 0, '2016-03-10 21:19:32', '2016-03-10 21:19:32'),
(69, '15-090806', '2016-02-11', '08:30:00', '17:33:00', 0, 0, 'n', 8, 8, 0, '2016-03-10 21:19:32', '2016-03-10 21:19:32'),
(70, '15-090806', '2016-02-12', '08:41:00', '18:00:00', 0.18, 0, 'n', 8, 7.82, 0, '2016-03-10 21:19:32', '2016-03-10 21:19:32'),
(71, '15-090806', '2016-02-15', '08:29:00', '17:31:00', 0, 0, 'n', 8, 8, 0, '2016-03-10 21:19:32', '2016-03-10 21:19:32'),
(72, '15-090806', '2016-02-16', '08:30:00', '17:32:00', 0, 0, 'n', 8, 8, 0, '2016-03-10 21:19:32', '2016-03-10 21:19:32'),
(73, '15-090806', '2016-02-17', '08:01:00', '17:00:00', 0, 0.5, 'n', 8, 7.5, 0, '2016-03-10 21:19:32', '2016-03-10 21:19:32'),
(74, '15-090806', '2016-02-18', '08:25:00', '18:00:00', 0, 0, 'n', 8, 8, 0, '2016-03-10 21:19:32', '2016-03-10 21:19:32'),
(75, '15-090806', '2016-02-19', '08:29:00', '17:40:00', 0, 0, 'n', 8, 8, 0, '2016-03-10 21:19:32', '2016-03-10 21:19:32'),
(76, '15-090806', '2016-02-22', '08:28:00', '18:31:00', 0, 0, 'n', 8, 8, 0, '2016-03-10 21:19:32', '2016-03-10 21:19:32'),
(77, '15-090806', '2016-02-23', '08:28:00', '17:34:00', 0, 0, 'n', 8, 8, 0, '2016-03-10 21:19:32', '2016-03-10 21:19:32'),
(78, '15-090806', '2016-02-24', '08:29:00', '17:42:00', 0, 0, 'n', 8, 8, 0, '2016-03-10 21:19:32', '2016-03-10 21:19:32'),
(79, '15-090806', '2016-02-25', '08:30:00', '17:31:00', 0, 0, 'n', 8, 8, 0, '2016-03-10 21:19:32', '2016-03-10 21:19:32'),
(80, '15-090806', '2016-02-26', '08:25:00', '17:32:00', 0, 0, 'n', 8, 8, 0, '2016-03-10 21:19:32', '2016-03-10 21:19:32'),
(81, '15-090807', '2016-02-01', '08:32:00', '17:30:00', 0, 0, 'n', 8, 8, 0, '2016-03-10 21:19:32', '2016-03-10 21:19:32'),
(82, '15-090807', '2016-02-02', '07:27:00', '17:28:00', 0, 0, 'n', 8, 8, 0, '2016-03-10 21:19:32', '2016-03-10 21:19:32'),
(83, '15-090807', '2016-02-03', '08:31:00', '17:32:00', 0, 0, 'n', 8, 8, 0, '2016-03-10 21:19:32', '2016-03-10 21:19:32'),
(84, '15-090807', '2016-02-04', '08:30:00', '17:31:00', 0, 0, 'n', 8, 8, 0, '2016-03-10 21:19:32', '2016-03-10 21:19:32'),
(85, '15-090807', '2016-02-05', '08:29:00', '18:00:00', 0, 0, 'n', 8, 8, 0, '2016-03-10 21:19:33', '2016-03-10 21:19:33'),
(86, '15-090807', '2016-02-08', '08:15:00', '17:11:00', 0, 0.32, 'n', 8, 7.68, 0, '2016-03-10 21:19:33', '2016-03-10 21:19:33'),
(87, '15-090807', '2016-02-09', '08:31:00', '17:31:00', 0, 0, 'n', 8, 8, 0, '2016-03-10 21:19:33', '2016-03-10 21:19:33'),
(88, '15-090807', '2016-02-10', '08:26:00', '17:27:00', 0, 0, 'n', 8, 8, 0, '2016-03-10 21:19:33', '2016-03-10 21:19:33'),
(89, '15-090807', '2016-02-11', '08:30:00', '17:34:00', 0, 0, 'n', 8, 8, 0, '2016-03-10 21:19:33', '2016-03-10 21:19:33'),
(90, '15-090807', '2016-02-12', '08:41:00', '18:00:00', 0.18, 0, 'n', 8, 7.82, 0, '2016-03-10 21:19:33', '2016-03-10 21:19:33'),
(91, '15-090807', '2016-02-15', '08:29:00', '17:31:00', 0, 0, 'n', 8, 8, 0, '2016-03-10 21:19:33', '2016-03-10 21:19:33'),
(92, '15-090807', '2016-02-16', '08:30:00', '17:32:00', 0, 0, 'n', 8, 8, 0, '2016-03-10 21:19:33', '2016-03-10 21:19:33'),
(93, '15-090807', '2016-02-17', '08:01:00', '18:01:00', 0, 0, 'n', 8, 8, 0, '2016-03-10 21:19:33', '2016-03-10 21:19:33'),
(94, '15-090807', '2016-02-18', '08:25:00', '17:58:00', 0, 0, 'n', 8, 8, 0, '2016-03-10 21:19:33', '2016-03-10 21:19:33'),
(95, '15-090807', '2016-02-19', '08:15:00', '17:20:00', 0, 0.17, 'n', 8, 7.83, 0, '2016-03-10 21:19:33', '2016-03-10 21:19:33'),
(96, '15-090807', '2016-02-22', '08:28:00', '17:31:00', 0, 0, 'n', 8, 8, 0, '2016-03-10 21:19:33', '2016-03-10 21:19:33'),
(97, '15-090807', '2016-02-23', '08:28:00', '17:35:00', 0, 0, 'n', 8, 8, 0, '2016-03-10 21:19:33', '2016-03-10 21:19:33'),
(98, '15-090807', '2016-02-24', '08:29:00', '18:31:00', 0, 0, 'n', 8, 8, 0, '2016-03-10 21:19:33', '2016-03-10 21:19:33'),
(99, '15-090807', '2016-02-25', '08:30:00', '17:31:00', 0, 0, 'n', 8, 8, 0, '2016-03-10 21:19:33', '2016-03-10 21:19:33'),
(100, '15-090807', '2016-02-26', '08:25:00', '17:32:00', 0, 0, 'n', 8, 8, 0, '2016-03-10 21:19:33', '2016-03-10 21:19:33');

-- --------------------------------------------------------

--
-- Table structure for table `employee_overtime_requests`
--

CREATE TABLE `employee_overtime_requests` (
  `id` int(11) NOT NULL,
  `employee_number` varchar(15) DEFAULT NULL,
  `overtime_date` date DEFAULT NULL,
  `overtime_from` datetime DEFAULT NULL,
  `overtime_to` datetime DEFAULT NULL,
  `total_hours` float DEFAULT NULL,
  `status` char(1) DEFAULT NULL,
  `remarks` text,
  `created_at` timestamp NOT NULL DEFAULT CURRENT_TIMESTAMP ON UPDATE CURRENT_TIMESTAMP,
  `updated_at` timestamp NOT NULL DEFAULT '0000-00-00 00:00:00'
) ENGINE=InnoDB DEFAULT CHARSET=latin1;

-- --------------------------------------------------------

--
-- Table structure for table `employee_schedule`
--

CREATE TABLE `employee_schedule` (
  `id` int(11) NOT NULL,
  `employee_id` varchar(20) DEFAULT NULL,
  `time_in` time DEFAULT NULL,
  `time_out` time DEFAULT NULL
) ENGINE=InnoDB DEFAULT CHARSET=dec8;

--
-- Dumping data for table `employee_schedule`
--

INSERT INTO `employee_schedule` (`id`, `employee_id`, `time_in`, `time_out`) VALUES
(1, '1', '08:00:00', '17:00:00'),
(2, '2', '08:00:00', '17:00:00');

-- --------------------------------------------------------

--
-- Table structure for table `holidays`
--

CREATE TABLE `holidays` (
  `id` int(11) NOT NULL,
  `holiday_date` date NOT NULL,
  `description` varchar(255) NOT NULL,
  `holiday_type` varchar(10) NOT NULL
) ENGINE=InnoDB DEFAULT CHARSET=latin1;

--
-- Dumping data for table `holidays`
--

INSERT INTO `holidays` (`id`, `holiday_date`, `description`, `holiday_type`) VALUES
(1, '2016-02-25', 'EDSA Day', 'special');

-- --------------------------------------------------------

--
-- Table structure for table `leave_information`
--

CREATE TABLE `leave_information` (
  `id` int(10) UNSIGNED NOT NULL,
  `leave_type` varchar(255) COLLATE utf8_unicode_ci NOT NULL,
  `created_at` timestamp NOT NULL DEFAULT '0000-00-00 00:00:00',
  `updated_at` timestamp NOT NULL DEFAULT '0000-00-00 00:00:00'
) ENGINE=InnoDB DEFAULT CHARSET=utf8 COLLATE=utf8_unicode_ci;

--
-- Dumping data for table `leave_information`
--

INSERT INTO `leave_information` (`id`, `leave_type`, `created_at`, `updated_at`) VALUES
(1, 'Sick Leave', '0000-00-00 00:00:00', '0000-00-00 00:00:00'),
(2, 'Vacation Leave', '0000-00-00 00:00:00', '0000-00-00 00:00:00'),
(3, 'Maternity Leave', '0000-00-00 00:00:00', '0000-00-00 00:00:00'),
(4, 'Paternity Leave', '0000-00-00 00:00:00', '0000-00-00 00:00:00');

-- --------------------------------------------------------

--
-- Table structure for table `leave_requests`
--

CREATE TABLE `leave_requests` (
  `id` int(10) UNSIGNED NOT NULL,
  `user_id` int(11) DEFAULT NULL,
  `leave_type_id` varchar(1) COLLATE utf8_unicode_ci NOT NULL,
  `date_start` date NOT NULL,
  `date_end` date NOT NULL,
  `reason` varchar(255) COLLATE utf8_unicode_ci NOT NULL,
  `employee_remarks` varchar(255) COLLATE utf8_unicode_ci NOT NULL,
  `hr_remarks` varchar(255) COLLATE utf8_unicode_ci NOT NULL,
  `leave_status` varchar(1) COLLATE utf8_unicode_ci NOT NULL,
  `created_at` timestamp NOT NULL DEFAULT '0000-00-00 00:00:00',
  `updated_at` timestamp NOT NULL DEFAULT '0000-00-00 00:00:00'
) ENGINE=InnoDB DEFAULT CHARSET=utf8 COLLATE=utf8_unicode_ci;

--
-- Dumping data for table `leave_requests`
--

INSERT INTO `leave_requests` (`id`, `user_id`, `leave_type_id`, `date_start`, `date_end`, `reason`, `employee_remarks`, `hr_remarks`, `leave_status`, `created_at`, `updated_at`) VALUES
(8, 6, '1', '2015-08-14', '2015-08-15', 'asd', 'asdasd', '', 'd', '2015-08-13 12:54:09', '2015-08-18 09:37:49'),
(9, 6, '2', '2015-08-16', '2015-08-23', 'Sick', 'SIck', '', 'a', '2015-08-16 06:40:46', '2015-08-19 01:32:55'),
(10, 12, '2', '2015-08-19', '2015-08-23', 'Test', 'TEst', '', 'd', '2015-08-19 01:28:37', '2015-08-19 01:33:03'),
(11, 12, '3', '2015-08-01', '2015-08-31', 'Test', 'Test', '', 'p', '2015-08-19 01:29:34', '2015-08-19 01:29:34'),
(12, 12, '1', '2015-08-01', '2015-08-31', 'Test', 'Test', '', 'p', '2015-08-19 01:30:04', '2015-08-19 01:30:04'),
(13, 12, '2', '2015-08-20', '2015-08-21', 'asd', 'asda', '', 'p', '2015-08-19 01:31:02', '2015-08-19 01:31:02'),
(14, 12, '1', '2015-08-06', '2015-08-21', 'sdas', 'sadsad', '', 'p', '2015-08-19 01:31:37', '2015-08-19 01:31:37'),
(15, 12, '2', '2015-08-06', '2015-08-20', 'asdas', 'asdasd', '', 'p', '2015-08-19 01:32:06', '2015-08-19 01:32:06'),
(16, 5, '1', '2016-03-17', '2016-03-18', 'test', 'test', '', 'p', '2016-03-10 20:47:17', '2016-03-10 20:47:17'),
(17, 31, '2', '2016-03-17', '2016-03-18', 'rest', 'rest', '', 'p', '2016-03-10 21:28:31', '2016-03-10 21:28:31'),
(18, 31, '2', '2016-03-17', '2016-03-18', 'rest', 'rest', '', 'p', '2016-03-10 21:28:53', '2016-03-10 21:28:53'),
(19, 31, '2', '2016-03-17', '2016-03-18', 'rest', 'rest', '', 'p', '2016-03-10 21:29:01', '2016-03-10 21:29:01');

-- --------------------------------------------------------

--
-- Table structure for table `migrations`
--

CREATE TABLE `migrations` (
  `migration` varchar(255) COLLATE utf8_unicode_ci NOT NULL,
  `batch` int(11) NOT NULL
) ENGINE=InnoDB DEFAULT CHARSET=utf8 COLLATE=utf8_unicode_ci;

--
-- Dumping data for table `migrations`
--

INSERT INTO `migrations` (`migration`, `batch`) VALUES
('2015_08_03_115635_create_applicants_table', 1),
('2015_08_03_115637_create_employees_table', 1),
('2015_08_03_115638_create_opening_candidates_table', 1),
('2015_08_03_115638_create_openings_table', 1),
('2015_08_03_115639_create_profiles_table', 1),
('2015_08_03_115639_create_resumes_table', 1),
('2015_08_03_115640_create_steps_assignee_table', 1),
('2015_08_03_115640_create_steps_table', 1),
('2015_08_03_115642_create_users_table', 1),
('2015_08_03_125253_create_db_logs_table', 1),
('2015_08_03_162304_create_positions_table', 1),
('2015_08_04_165155_create_audit_trail_table', 1),
('2015_08_11_170652_create_companies_table', 1),
('2015_08_13_151236_create_departments_table', 1),
('2015_08_13_184825_create_leave_information_table', 1),
('2015_08_13_184839_create_leave_requests_table', 1);

-- --------------------------------------------------------

--
-- Table structure for table `openings`
--

CREATE TABLE `openings` (
  `id` int(10) UNSIGNED NOT NULL,
  `title` varchar(50) COLLATE utf8_unicode_ci NOT NULL,
  `opening_type` varchar(50) COLLATE utf8_unicode_ci NOT NULL,
  `location` varchar(50) COLLATE utf8_unicode_ci NOT NULL,
  `job_description` text COLLATE utf8_unicode_ci NOT NULL,
  `company_id` int(11) NOT NULL,
  `status` varchar(50) COLLATE utf8_unicode_ci NOT NULL,
  `created_at` timestamp NOT NULL DEFAULT '0000-00-00 00:00:00',
  `updated_at` timestamp NOT NULL DEFAULT '0000-00-00 00:00:00'
) ENGINE=InnoDB DEFAULT CHARSET=utf8 COLLATE=utf8_unicode_ci;

--
-- Dumping data for table `openings`
--

INSERT INTO `openings` (`id`, `title`, `opening_type`, `location`, `job_description`, `company_id`, `status`, `created_at`, `updated_at`) VALUES
(1, 'test', 'sad', 'asd', 'asdasd', 0, '', '2015-08-16 12:51:44', '2015-08-16 12:51:44'),
(2, 'Programmer', 'ft', 'TEST', 'Programming skills required. Knowledgeable with any programming languages is a plus.', 0, '', '2015-08-18 08:38:06', '2015-08-18 08:38:06');

-- --------------------------------------------------------

--
-- Table structure for table `opening_candidates`
--

CREATE TABLE `opening_candidates` (
  `id` int(11) NOT NULL,
  `opening_id` int(11) NOT NULL,
  `candidate_id` int(11) NOT NULL,
  `status` varchar(255) COLLATE utf8_unicode_ci NOT NULL,
  `remarks` text COLLATE utf8_unicode_ci NOT NULL,
  `created_at` timestamp NOT NULL DEFAULT '0000-00-00 00:00:00',
  `updated_at` timestamp NOT NULL DEFAULT '0000-00-00 00:00:00'
) ENGINE=InnoDB DEFAULT CHARSET=utf8 COLLATE=utf8_unicode_ci;

--
-- Dumping data for table `opening_candidates`
--

INSERT INTO `opening_candidates` (`id`, `opening_id`, `candidate_id`, `status`, `remarks`, `created_at`, `updated_at`) VALUES
(1, 2, 11, 'f', '', '2015-08-18 08:58:18', '2015-08-18 08:58:18'),
(2, 2, 15, 's', '', '2015-08-19 04:10:04', '2015-08-19 04:10:04'),
(3, 1, 15, 's', '', '2015-08-19 04:27:22', '2015-08-19 04:27:22'),
(4, 2, 15, 's', '', '2015-08-19 04:27:45', '2015-08-19 04:27:45');

-- --------------------------------------------------------

--
-- Table structure for table `payroll`
--

CREATE TABLE `payroll` (
  `id` int(11) NOT NULL,
  `payroll_from` datetime DEFAULT NULL,
  `payroll_to` datetime DEFAULT NULL,
  `employee_number` varchar(20) DEFAULT NULL,
  `basic_pay` decimal(10,2) DEFAULT NULL,
  `rate_per_hour` decimal(10,2) DEFAULT NULL,
  `hours` decimal(10,2) DEFAULT NULL,
  `total_basic` decimal(10,2) DEFAULT NULL,
  `overtime` decimal(10,2) DEFAULT NULL,
  `overtime_pay` decimal(10,2) DEFAULT NULL,
  `night_diff` decimal(10,2) DEFAULT NULL,
  `night_diff_pay` decimal(10,2) DEFAULT NULL,
  `special_holiday_pay` decimal(10,2) DEFAULT NULL,
  `legal_holiday_pay` decimal(10,2) DEFAULT NULL,
  `ecola` decimal(10,2) DEFAULT NULL,
  `hdmf` decimal(10,2) DEFAULT NULL,
  `philhealth` decimal(10,2) DEFAULT NULL,
  `sss` decimal(10,2) DEFAULT NULL,
  `tax` decimal(10,2) DEFAULT NULL,
  `updated_at` timestamp NULL DEFAULT NULL,
  `created_at` timestamp NULL DEFAULT NULL
) ENGINE=InnoDB DEFAULT CHARSET=latin1;

--
-- Dumping data for table `payroll`
--

INSERT INTO `payroll` (`id`, `payroll_from`, `payroll_to`, `employee_number`, `basic_pay`, `rate_per_hour`, `hours`, `total_basic`, `overtime`, `overtime_pay`, `night_diff`, `night_diff_pay`, `special_holiday_pay`, `legal_holiday_pay`, `ecola`, `hdmf`, `philhealth`, `sss`, `tax`, `updated_at`, `created_at`) VALUES
(1, '2016-02-01 00:00:00', '2016-02-15 00:00:00', '15-090803', '466.00', '58.25', '88.00', '5126.00', '0.00', '0.00', '0.00', '0.00', '0.00', '620.80', '165.00', '111.88', '100.00', '218.00', '867.15', '2016-03-10 21:21:49', '2016-03-10 21:21:49');

-- --------------------------------------------------------

--
-- Table structure for table `philhealth_contribution_lookup`
--

CREATE TABLE `philhealth_contribution_lookup` (
  `id` int(11) NOT NULL,
  `range_from` decimal(10,2) DEFAULT NULL,
  `range_to` decimal(10,2) DEFAULT NULL,
  `monthly_premium` decimal(10,2) DEFAULT NULL,
  `employee_share` decimal(10,2) DEFAULT NULL,
  `employer_share` decimal(10,2) DEFAULT NULL
) ENGINE=InnoDB DEFAULT CHARSET=latin1;

--
-- Dumping data for table `philhealth_contribution_lookup`
--

INSERT INTO `philhealth_contribution_lookup` (`id`, `range_from`, `range_to`, `monthly_premium`, `employee_share`, `employer_share`) VALUES
(1, '0.00', '8999.99', '200.00', '100.00', '100.00'),
(2, '9000.00', '9999.99', '225.00', '112.50', '112.50'),
(3, '10000.00', '10999.99', '250.00', '125.00', '125.00'),
(4, '11000.00', '11999.99', '275.00', '137.50', '137.50'),
(5, '12000.00', '12999.99', '300.00', '150.00', '150.00'),
(6, '13000.00', '13999.99', '325.00', '162.50', '162.50'),
(7, '14000.00', '14999.99', '350.00', '175.00', '175.00'),
(8, '15000.00', '15999.99', '375.00', '187.50', '187.50'),
(9, '16000.00', '16999.99', '400.00', '200.00', '200.00'),
(10, '17000.00', '17999.99', '425.00', '212.50', '212.50'),
(11, '18000.00', '18999.99', '450.00', '225.00', '225.00'),
(12, '19000.00', '19999.99', '475.00', '237.50', '237.50'),
(13, '20000.00', '20999.99', '500.00', '250.00', '250.00'),
(14, '21000.00', '21999.99', '525.00', '262.50', '262.50'),
(15, '22000.00', '22999.99', '550.00', '275.00', '275.00'),
(16, '23000.00', '23999.99', '575.00', '287.50', '287.50'),
(17, '24000.00', '24999.99', '600.00', '300.00', '300.00'),
(18, '25000.00', '25999.99', '625.00', '312.50', '312.50'),
(19, '26000.00', '26999.99', '650.00', '325.00', '325.00'),
(20, '27000.00', '27999.99', '675.00', '337.50', '337.50'),
(21, '28000.00', '28999.99', '700.00', '350.00', '350.00'),
(22, '29000.00', '29999.99', '725.00', '362.50', '362.50'),
(23, '30000.00', '30999.99', '750.00', '375.00', '375.00'),
(24, '31000.00', '31999.99', '775.00', '387.50', '387.50'),
(25, '32000.00', '32999.99', '800.00', '400.00', '400.00'),
(26, '33000.00', '33999.99', '825.00', '412.50', '412.50'),
(27, '34000.00', '34999.99', '850.00', '425.00', '425.00'),
(28, '35000.00', '999999.99', '875.00', '437.50', '437.50');

-- --------------------------------------------------------

--
-- Table structure for table `positions`
--

CREATE TABLE `positions` (
  `id` int(10) UNSIGNED NOT NULL,
  `position` varchar(255) COLLATE utf8_unicode_ci NOT NULL,
  `description` varchar(255) COLLATE utf8_unicode_ci NOT NULL,
  `created_at` timestamp NOT NULL DEFAULT '0000-00-00 00:00:00',
  `updated_at` timestamp NOT NULL DEFAULT '0000-00-00 00:00:00'
) ENGINE=InnoDB DEFAULT CHARSET=utf8 COLLATE=utf8_unicode_ci;

--
-- Dumping data for table `positions`
--

INSERT INTO `positions` (`id`, `position`, `description`, `created_at`, `updated_at`) VALUES
(1, 'Service Technician', 'Service Technician', '2015-08-13 10:55:08', '2015-08-13 10:55:08'),
(2, 'Driver', 'Driver', '2015-08-13 10:55:19', '2015-08-13 10:55:19'),
(3, 'Helper', 'Helper', '2015-08-13 10:55:29', '2015-08-13 10:55:29'),
(4, 'Housekeeping', 'Housekeeping', '2015-08-13 10:55:36', '2015-08-13 10:55:36'),
(5, 'Service Crew', 'Service Crew', '2015-08-13 10:55:53', '2015-08-13 10:55:53'),
(6, 'Product Specialist', 'Product Specialist', '2015-08-13 10:56:04', '2015-08-13 10:56:04'),
(7, 'Accounting Assistant', 'Accouting Assistant', '2015-08-13 10:56:22', '2015-08-13 10:56:22'),
(8, 'Auto Cad Operator', 'Auto Cad Operator', '2015-08-13 10:56:46', '2015-08-13 10:56:46');

-- --------------------------------------------------------

--
-- Table structure for table `profiles`
--

CREATE TABLE `profiles` (
  `id` int(10) UNSIGNED NOT NULL,
  `user_id` int(11) NOT NULL,
  `first_name` varchar(50) COLLATE utf8_unicode_ci NOT NULL,
  `middle_name` varchar(50) COLLATE utf8_unicode_ci NOT NULL,
  `last_name` varchar(50) COLLATE utf8_unicode_ci NOT NULL,
  `address` varchar(100) COLLATE utf8_unicode_ci NOT NULL,
  `birth_place` varchar(50) COLLATE utf8_unicode_ci NOT NULL,
  `birthdate` date NOT NULL,
  `cellphone` varchar(11) COLLATE utf8_unicode_ci NOT NULL,
  `citizensip` varchar(20) COLLATE utf8_unicode_ci NOT NULL,
  `email` varchar(50) COLLATE utf8_unicode_ci NOT NULL,
  `field` varchar(50) COLLATE utf8_unicode_ci NOT NULL,
  `nick` varchar(20) COLLATE utf8_unicode_ci NOT NULL,
  `religion` varchar(255) COLLATE utf8_unicode_ci NOT NULL,
  `school` varchar(255) COLLATE utf8_unicode_ci NOT NULL,
  `telephone` varchar(8) COLLATE utf8_unicode_ci NOT NULL,
  `year_graduated` varchar(4) COLLATE utf8_unicode_ci NOT NULL,
  `created_at` timestamp NOT NULL DEFAULT '0000-00-00 00:00:00',
  `updated_at` timestamp NOT NULL DEFAULT '0000-00-00 00:00:00',
  `profile_status` char(1) COLLATE utf8_unicode_ci NOT NULL
) ENGINE=InnoDB DEFAULT CHARSET=utf8 COLLATE=utf8_unicode_ci;

--
-- Dumping data for table `profiles`
--

INSERT INTO `profiles` (`id`, `user_id`, `first_name`, `middle_name`, `last_name`, `address`, `birth_place`, `birthdate`, `cellphone`, `citizensip`, `email`, `field`, `nick`, `religion`, `school`, `telephone`, `year_graduated`, `created_at`, `updated_at`, `profile_status`) VALUES
(1, 5, 'Shera', 'Joy', 'Sayson', '', '', '0000-00-00', '', '', '', '', '', '', '', '', '', '2015-08-13 10:57:50', '2015-09-05 07:50:49', 'o'),
(2, 6, 'Tina', 'Ma', 'An', '', '', '0000-00-00', '', '', '', '', '', '', '', '', '', '2015-08-13 11:02:00', '2015-09-05 08:34:53', 'o'),
(3, 12, 'test', '', 'test', '', '', '0000-00-00', '', '', '', '', '', '', '', '', '', '2015-08-15 03:13:26', '2015-08-15 03:13:26', 'o'),
(4, 18, 'test', '', 'test', '', '', '0000-00-00', '', '', '', '', '', '', '', '', '', '2015-08-15 03:14:04', '2015-08-15 03:14:04', 'o'),
(5, 19, 'Nikka', '', 'Nicolle', '', '', '0000-00-00', '', '', '', '', '', '', '', '', '', '2015-08-16 08:59:03', '2015-08-16 08:59:03', 'o'),
(20, 27, 'System', 'Administrator', 'Payroll', '', '', '0000-00-00', '', '', '', '', '', '', '', '', '', '2016-03-10 21:01:01', '2016-03-10 21:01:01', ''),
(21, 28, 'Payroll', 'Human Resource', 'Administrator', '', '', '0000-00-00', '', '', '', '', '', '', '', '', '', '2016-03-10 21:01:30', '2016-03-10 21:01:30', ''),
(22, 29, 'Juan', 'Dela', 'Cruz', '', '', '0000-00-00', '', '', '', '', '', '', '', '', '', '2016-03-10 21:25:24', '2016-03-10 21:25:24', 'n'),
(23, 30, 'Juan', 'San', 'Juan', '', '', '0000-00-00', '', '', '', '', '', '', '', '', '', '2016-03-10 21:26:22', '2016-03-10 21:26:22', 'n'),
(24, 31, 'Maria', 'Ma', 'Kiling', '', '', '0000-00-00', '', '', '', '', '', '', '', '', '', '2016-03-10 21:27:43', '2016-03-10 21:27:43', 'n');

-- --------------------------------------------------------

--
-- Table structure for table `resume`
--

CREATE TABLE `resume` (
  `id` int(10) UNSIGNED NOT NULL,
  `applicant_id` int(11) NOT NULL,
  `title` varchar(50) COLLATE utf8_unicode_ci NOT NULL,
  `file` text COLLATE utf8_unicode_ci NOT NULL,
  `is_default` text COLLATE utf8_unicode_ci NOT NULL,
  `created_at` timestamp NOT NULL DEFAULT '0000-00-00 00:00:00',
  `updated_at` timestamp NOT NULL DEFAULT '0000-00-00 00:00:00'
) ENGINE=InnoDB DEFAULT CHARSET=utf8 COLLATE=utf8_unicode_ci;

--
-- Dumping data for table `resume`
--

INSERT INTO `resume` (`id`, `applicant_id`, `title`, `file`, `is_default`, `created_at`, `updated_at`) VALUES
(1, 9, 'null', 'TEST_20150815111429.pdf', 'n', '2015-08-15 03:14:29', '2015-08-15 03:14:29'),
(2, 11, 'Default', 'PADILLA_20150818045810.pdf', 'y', '2015-08-18 08:58:10', '2015-08-18 08:58:10'),
(3, 15, 'drg', 'GAVINO_20150819120740.pdf', 'y', '2015-08-19 04:07:40', '2015-08-19 04:07:40'),
(4, 16, 'chad', 'DELCORS_20150819122913.pdf', 'y', '2015-08-19 04:29:13', '2015-08-19 04:29:13');

-- --------------------------------------------------------

--
-- Table structure for table `salary_table`
--

CREATE TABLE `salary_table` (
  `id` int(11) NOT NULL,
  `employee_id` varchar(20) DEFAULT NULL,
  `amount` decimal(10,2) DEFAULT NULL,
  `ecola` decimal(10,0) DEFAULT NULL,
  `updated_at` timestamp NOT NULL DEFAULT CURRENT_TIMESTAMP ON UPDATE CURRENT_TIMESTAMP,
  `created_at` timestamp NOT NULL DEFAULT '0000-00-00 00:00:00'
) ENGINE=InnoDB DEFAULT CHARSET=latin1;

--
-- Dumping data for table `salary_table`
--

INSERT INTO `salary_table` (`id`, `employee_id`, `amount`, `ecola`, `updated_at`, `created_at`) VALUES
(1, '15-090803', '466.00', '15', '2016-03-11 05:27:04', '0000-00-00 00:00:00'),
(2, '15-090804', '466.00', '15', '2016-03-11 05:27:04', '0000-00-00 00:00:00'),
(3, '15-090805', '466.00', '15', '2016-03-11 05:27:04', '0000-00-00 00:00:00'),
(4, '15-090807', '466.00', '15', '2016-03-11 05:27:04', '0000-00-00 00:00:00'),
(5, '15-090806', '466.00', '15', '2016-03-11 05:27:04', '0000-00-00 00:00:00'),
(6, '16-031103', '466.00', '15', '2016-03-10 21:27:43', '2016-03-10 21:27:43');

-- --------------------------------------------------------

--
-- Table structure for table `sss_contribution_lookup`
--

CREATE TABLE `sss_contribution_lookup` (
  `id` int(11) NOT NULL,
  `range_from` decimal(10,2) DEFAULT NULL,
  `range_to` decimal(10,2) DEFAULT NULL,
  `employer_contribution` decimal(10,2) DEFAULT NULL,
  `employee_contribution` decimal(10,2) DEFAULT NULL,
  `employee_compensation` decimal(10,2) DEFAULT NULL
) ENGINE=InnoDB DEFAULT CHARSET=latin1;

--
-- Dumping data for table `sss_contribution_lookup`
--

INSERT INTO `sss_contribution_lookup` (`id`, `range_from`, `range_to`, `employer_contribution`, `employee_contribution`, `employee_compensation`) VALUES
(1, '1000.00', '1249.99', '73.70', '36.30', '10.00'),
(2, '1250.00', '1749.99', '110.50', '54.50', '10.00'),
(3, '1750.00', '2249.99', '147.30', '72.70', '10.00'),
(4, '2250.00', '2749.99', '184.20', '90.80', '10.00'),
(5, '2750.00', '3249.99', '221.00', '109.00', '10.00'),
(6, '3250.00', '3749.99', '257.80', '127.20', '10.00'),
(7, '3750.00', '4249.99', '294.70', '145.30', '10.00'),
(8, '4250.00', '4749.99', '331.50', '163.50', '10.00'),
(9, '4750.00', '5249.99', '368.30', '181.70', '10.00'),
(10, '5250.00', '5749.99', '405.20', '199.80', '10.00'),
(11, '5750.00', '6249.99', '442.00', '218.00', '10.00'),
(12, '6250.00', '6749.99', '478.80', '236.20', '10.00'),
(13, '6750.00', '7249.99', '515.70', '254.30', '10.00'),
(14, '7250.00', '7749.99', '552.50', '272.50', '10.00'),
(15, '7750.00', '8249.99', '589.30', '290.70', '10.00'),
(16, '8250.00', '8749.99', '626.20', '308.80', '10.00'),
(17, '8750.00', '9249.99', '663.00', '327.00', '10.00'),
(18, '9250.00', '9749.99', '699.80', '345.20', '10.00'),
(19, '9750.00', '10249.99', '736.70', '363.30', '10.00'),
(20, '10250.00', '10749.99', '773.50', '381.50', '10.00'),
(21, '10750.00', '11249.99', '810.30', '399.70', '10.00'),
(22, '11250.00', '11749.99', '847.20', '417.80', '10.00'),
(23, '11750.00', '12249.99', '884.00', '436.00', '10.00'),
(24, '12250.00', '12749.99', '920.80', '454.20', '10.00'),
(25, '12750.00', '13249.99', '957.70', '472.30', '10.00'),
(26, '13250.00', '13749.99', '994.50', '490.50', '10.00'),
(27, '13750.00', '14249.99', '1031.30', '508.70', '10.00'),
(28, '14250.00', '14749.99', '1068.20', '526.80', '10.00'),
(29, '14750.00', '15249.99', '1105.00', '545.00', '30.00'),
(30, '15250.00', '15749.99', '1141.80', '563.20', '30.00'),
(31, '15750.00', '999999.99', '1178.70', '581.30', '30.00');

-- --------------------------------------------------------

--
-- Table structure for table `steps`
--

CREATE TABLE `steps` (
  `id` int(10) UNSIGNED NOT NULL,
  `title` varchar(50) COLLATE utf8_unicode_ci NOT NULL,
  `created_at` timestamp NOT NULL DEFAULT '0000-00-00 00:00:00',
  `updated_at` timestamp NOT NULL DEFAULT '0000-00-00 00:00:00'
) ENGINE=InnoDB DEFAULT CHARSET=utf8 COLLATE=utf8_unicode_ci;

-- --------------------------------------------------------

--
-- Table structure for table `steps_assignee`
--

CREATE TABLE `steps_assignee` (
  `opening_id` int(11) NOT NULL,
  `step_id` int(11) NOT NULL,
  `user_id` int(11) NOT NULL,
  `created_at` timestamp NOT NULL DEFAULT '0000-00-00 00:00:00',
  `updated_at` timestamp NOT NULL DEFAULT '0000-00-00 00:00:00'
) ENGINE=InnoDB DEFAULT CHARSET=utf8 COLLATE=utf8_unicode_ci;

-- --------------------------------------------------------

--
-- Table structure for table `students`
--

CREATE TABLE `students` (
  `student_id` int(11) NOT NULL,
  `student_firstname` varchar(50) NOT NULL,
  `student_lastname` varchar(50) NOT NULL,
  `address` varchar(255) NOT NULL
) ENGINE=InnoDB DEFAULT CHARSET=latin1;

-- --------------------------------------------------------

--
-- Table structure for table `tax_excemptions`
--

CREATE TABLE `tax_excemptions` (
  `id` int(11) NOT NULL,
  `exemption` varchar(50) DEFAULT NULL,
  `description` varchar(100) DEFAULT NULL
) ENGINE=InnoDB DEFAULT CHARSET=latin1;

--
-- Dumping data for table `tax_excemptions`
--

INSERT INTO `tax_excemptions` (`id`, `exemption`, `description`) VALUES
(1, 'Z', 'No Exception'),
(2, 'S/ME', 'Single / Married w/o Dependents'),
(3, 'ME1/S1', 'Married w/ 1 Qualified Dependent'),
(4, 'ME2/S2', 'Married w/ 2 Qualified Dependent'),
(5, 'ME3/S3', 'Married w/ 3 Qualified Dependent'),
(6, 'ME4/S4', 'Married w/ 4 Qualified Dependent');

-- --------------------------------------------------------

--
-- Table structure for table `tax_table`
--

CREATE TABLE `tax_table` (
  `id` int(11) NOT NULL,
  `exemption_id` int(11) DEFAULT NULL,
  `salary_limit` decimal(10,2) DEFAULT NULL,
  `percent_status` decimal(10,2) DEFAULT NULL,
  `exemption` decimal(10,2) DEFAULT NULL
) ENGINE=InnoDB DEFAULT CHARSET=latin1;

--
-- Dumping data for table `tax_table`
--

INSERT INTO `tax_table` (`id`, `exemption_id`, `salary_limit`, `percent_status`, `exemption`) VALUES
(1, 1, '0.00', '0.05', '0.00'),
(2, 1, '417.00', '0.10', '20.83'),
(3, 1, '1250.00', '0.15', '104.17'),
(4, 1, '2917.00', '0.20', '354.17'),
(5, 1, '5833.00', '0.25', '937.50'),
(6, 1, '10417.00', '0.30', '2083.33'),
(7, 1, '20833.00', '0.32', '5208.33'),
(8, 2, '2083.00', '0.05', '0.00'),
(9, 2, '2500.00', '0.10', '20.83'),
(10, 2, '3333.00', '0.15', '104.17'),
(11, 2, '5000.00', '0.20', '354.17'),
(12, 2, '7917.00', '0.25', '937.50'),
(13, 2, '12500.00', '0.30', '2083.33'),
(14, 2, '22917.00', '0.32', '5208.33'),
(15, 3, '3125.00', '0.05', '0.00'),
(16, 3, '3542.00', '0.10', '20.83'),
(17, 3, '4375.00', '0.15', '104.17'),
(18, 3, '6042.00', '0.20', '354.17'),
(19, 3, '8958.00', '0.25', '937.50'),
(20, 3, '13542.00', '0.30', '2083.33'),
(21, 3, '23958.00', '0.32', '5208.33'),
(22, 4, '4167.00', '0.05', '0.00'),
(23, 4, '4583.00', '0.10', '20.83'),
(24, 4, '5417.00', '0.15', '104.17'),
(25, 4, '7083.00', '0.20', '354.17'),
(26, 4, '10000.00', '0.25', '937.50'),
(27, 4, '14583.00', '0.30', '2083.33'),
(28, 4, '25000.00', '0.32', '5208.33'),
(29, 5, '5208.00', '0.05', '0.00'),
(30, 5, '5625.00', '0.10', '20.83'),
(31, 5, '6458.00', '0.15', '104.17'),
(32, 5, '8125.00', '0.20', '354.17'),
(33, 5, '11042.00', '0.25', '937.50'),
(34, 5, '15625.00', '0.30', '2083.33'),
(35, 5, '26042.00', '0.32', '5208.33'),
(36, 6, '6250.00', '0.05', '0.00'),
(37, 6, '6667.00', '0.10', '20.83'),
(38, 6, '7500.00', '0.15', '104.17'),
(39, 6, '9167.00', '0.20', '354.17'),
(40, 6, '12083.00', '0.25', '937.50'),
(41, 6, '16667.00', '0.30', '2083.33'),
(42, 6, '27083.00', '0.32', '5208.33');

-- --------------------------------------------------------

--
-- Table structure for table `users`
--

CREATE TABLE `users` (
  `id` int(10) UNSIGNED NOT NULL,
  `username` varchar(255) COLLATE utf8_unicode_ci NOT NULL,
  `password` varchar(60) COLLATE utf8_unicode_ci NOT NULL,
  `client_id` varchar(20) COLLATE utf8_unicode_ci NOT NULL,
  `remember_token` varchar(100) COLLATE utf8_unicode_ci DEFAULT NULL,
  `created_at` timestamp NOT NULL DEFAULT '0000-00-00 00:00:00',
  `updated_at` timestamp NOT NULL DEFAULT '0000-00-00 00:00:00',
  `is_deleted` char(1) COLLATE utf8_unicode_ci NOT NULL DEFAULT 'n',
  `is_active` char(1) COLLATE utf8_unicode_ci NOT NULL DEFAULT 'y'
) ENGINE=InnoDB DEFAULT CHARSET=utf8 COLLATE=utf8_unicode_ci;

--
-- Dumping data for table `users`
--

INSERT INTO `users` (`id`, `username`, `password`, `client_id`, `remember_token`, `created_at`, `updated_at`, `is_deleted`, `is_active`) VALUES
(5, '15-090803', '$2y$10$Ow0172b8tl1X1zQ0wcCXAuBsS9tGwdAYAB58/EB/2TOY2lCBPrl0.', 'employee', NULL, '2015-08-13 02:57:50', '2015-08-13 02:57:50', 'n', 'y'),
(6, '15-090804', '$2y$10$Ow0172b8tl1X1zQ0wcCXAuBsS9tGwdAYAB58/EB/2TOY2lCBPrl0.', 'employee', NULL, '2015-08-13 03:02:00', '2015-08-13 03:02:00', 'n', 'y'),
(12, '15-090805', '$2y$10$Ow0172b8tl1X1zQ0wcCXAuBsS9tGwdAYAB58/EB/2TOY2lCBPrl0.', 'employee', NULL, '2015-08-18 17:27:52', '2015-08-18 17:27:52', 'n', 'y'),
(18, '15-090806', '$2y$10$Ow0172b8tl1X1zQ0wcCXAuBsS9tGwdAYAB58/EB/2TOY2lCBPrl0.', 'employee', NULL, '2015-08-22 02:46:35', '2015-08-22 02:46:35', 'n', 'y'),
(19, '15-090807', '$2y$10$Ow0172b8tl1X1zQ0wcCXAuBsS9tGwdAYAB58/EB/2TOY2lCBPrl0.', 'employee', NULL, '2015-08-22 22:17:04', '2015-08-22 22:17:04', 'n', 'y'),
(27, 'systemadmin', '$2y$10$gaDh0To03v5IlX6uVRwgluYPDDf2UoEJCsRWHAaonlQH6iNB5KJki', 'admin', NULL, '2016-03-10 21:01:01', '2016-03-10 21:01:01', 'n', 'y'),
(28, 'hradmin', '$2y$10$/9KPGYprrkF52xfuIdEwreF9Pj0wHDowoBQoFW92ZQPi6GucGAaga', 'hr', NULL, '2016-03-10 21:01:30', '2016-03-10 21:01:30', 'n', 'y'),
(29, '16-031101', '$2y$10$XXaznytzkC.iQzcIejKiyuDxFN.K/UvTNehehROA0cJgb1eatuHga', 'employee', NULL, '2016-03-10 21:25:24', '2016-03-10 21:25:24', 'n', 'y'),
(30, '16-031102', '$2y$10$zE672YiSdMLYaAN/d5ph6OP.KdL6fEYHQy1Iztk8JvVG4.Nfhhzqq', 'employee', NULL, '2016-03-10 21:26:22', '2016-03-10 21:26:22', 'n', 'y'),
(31, '16-031103', '$2y$10$6C3nN6.FDyzExM5dwY/T9uipgbmQN6qTn3X62RU3gF98oaaKbRwZy', 'employee', NULL, '2016-03-10 21:27:43', '2016-03-10 21:27:43', 'n', 'y');

--
-- Indexes for dumped tables
--

--
-- Indexes for table `announcements`
--
ALTER TABLE `announcements`
  ADD PRIMARY KEY (`id`);

--
-- Indexes for table `audit_trail`
--
ALTER TABLE `audit_trail`
  ADD PRIMARY KEY (`id`);

--
-- Indexes for table `companies`
--
ALTER TABLE `companies`
  ADD PRIMARY KEY (`id`),
  ADD UNIQUE KEY `companies_company_code_unique` (`company_code`);

--
-- Indexes for table `db_logs`
--
ALTER TABLE `db_logs`
  ADD PRIMARY KEY (`id`);

--
-- Indexes for table `deductions`
--
ALTER TABLE `deductions`
  ADD PRIMARY KEY (`id`);

--
-- Indexes for table `departments`
--
ALTER TABLE `departments`
  ADD PRIMARY KEY (`id`);

--
-- Indexes for table `employees`
--
ALTER TABLE `employees`
  ADD PRIMARY KEY (`id`);

--
-- Indexes for table `employee_attendance`
--
ALTER TABLE `employee_attendance`
  ADD PRIMARY KEY (`id`);

--
-- Indexes for table `employee_overtime_requests`
--
ALTER TABLE `employee_overtime_requests`
  ADD PRIMARY KEY (`id`);

--
-- Indexes for table `employee_schedule`
--
ALTER TABLE `employee_schedule`
  ADD PRIMARY KEY (`id`);

--
-- Indexes for table `holidays`
--
ALTER TABLE `holidays`
  ADD PRIMARY KEY (`id`);

--
-- Indexes for table `leave_information`
--
ALTER TABLE `leave_information`
  ADD PRIMARY KEY (`id`);

--
-- Indexes for table `leave_requests`
--
ALTER TABLE `leave_requests`
  ADD PRIMARY KEY (`id`);

--
-- Indexes for table `openings`
--
ALTER TABLE `openings`
  ADD PRIMARY KEY (`id`);

--
-- Indexes for table `opening_candidates`
--
ALTER TABLE `opening_candidates`
  ADD PRIMARY KEY (`id`);

--
-- Indexes for table `payroll`
--
ALTER TABLE `payroll`
  ADD PRIMARY KEY (`id`);

--
-- Indexes for table `philhealth_contribution_lookup`
--
ALTER TABLE `philhealth_contribution_lookup`
  ADD PRIMARY KEY (`id`);

--
-- Indexes for table `positions`
--
ALTER TABLE `positions`
  ADD PRIMARY KEY (`id`);

--
-- Indexes for table `profiles`
--
ALTER TABLE `profiles`
  ADD PRIMARY KEY (`id`);

--
-- Indexes for table `resume`
--
ALTER TABLE `resume`
  ADD PRIMARY KEY (`id`);

--
-- Indexes for table `salary_table`
--
ALTER TABLE `salary_table`
  ADD PRIMARY KEY (`id`);

--
-- Indexes for table `sss_contribution_lookup`
--
ALTER TABLE `sss_contribution_lookup`
  ADD PRIMARY KEY (`id`);

--
-- Indexes for table `steps`
--
ALTER TABLE `steps`
  ADD PRIMARY KEY (`id`);

--
-- Indexes for table `students`
--
ALTER TABLE `students`
  ADD PRIMARY KEY (`student_id`);

--
-- Indexes for table `tax_excemptions`
--
ALTER TABLE `tax_excemptions`
  ADD PRIMARY KEY (`id`);

--
-- Indexes for table `tax_table`
--
ALTER TABLE `tax_table`
  ADD PRIMARY KEY (`id`);

--
-- Indexes for table `users`
--
ALTER TABLE `users`
  ADD PRIMARY KEY (`id`),
  ADD UNIQUE KEY `users_username_unique` (`username`);

--
-- AUTO_INCREMENT for dumped tables
--

--
-- AUTO_INCREMENT for table `announcements`
--
ALTER TABLE `announcements`
  MODIFY `id` int(11) NOT NULL AUTO_INCREMENT, AUTO_INCREMENT=2;
--
-- AUTO_INCREMENT for table `audit_trail`
--
ALTER TABLE `audit_trail`
  MODIFY `id` int(10) UNSIGNED NOT NULL AUTO_INCREMENT, AUTO_INCREMENT=666;
--
-- AUTO_INCREMENT for table `companies`
--
ALTER TABLE `companies`
  MODIFY `id` int(10) UNSIGNED NOT NULL AUTO_INCREMENT, AUTO_INCREMENT=2;
--
-- AUTO_INCREMENT for table `db_logs`
--
ALTER TABLE `db_logs`
  MODIFY `id` int(10) UNSIGNED NOT NULL AUTO_INCREMENT;
--
-- AUTO_INCREMENT for table `deductions`
--
ALTER TABLE `deductions`
  MODIFY `id` int(11) NOT NULL AUTO_INCREMENT;
--
-- AUTO_INCREMENT for table `departments`
--
ALTER TABLE `departments`
  MODIFY `id` int(10) UNSIGNED NOT NULL AUTO_INCREMENT, AUTO_INCREMENT=8;
--
-- AUTO_INCREMENT for table `employees`
--
ALTER TABLE `employees`
  MODIFY `id` int(10) UNSIGNED NOT NULL AUTO_INCREMENT, AUTO_INCREMENT=12;
--
-- AUTO_INCREMENT for table `employee_attendance`
--
ALTER TABLE `employee_attendance`
  MODIFY `id` int(11) NOT NULL AUTO_INCREMENT, AUTO_INCREMENT=101;
--
-- AUTO_INCREMENT for table `employee_overtime_requests`
--
ALTER TABLE `employee_overtime_requests`
  MODIFY `id` int(11) NOT NULL AUTO_INCREMENT;
--
-- AUTO_INCREMENT for table `employee_schedule`
--
ALTER TABLE `employee_schedule`
  MODIFY `id` int(11) NOT NULL AUTO_INCREMENT, AUTO_INCREMENT=3;
--
-- AUTO_INCREMENT for table `holidays`
--
ALTER TABLE `holidays`
  MODIFY `id` int(11) NOT NULL AUTO_INCREMENT, AUTO_INCREMENT=3;
--
-- AUTO_INCREMENT for table `leave_information`
--
ALTER TABLE `leave_information`
  MODIFY `id` int(10) UNSIGNED NOT NULL AUTO_INCREMENT, AUTO_INCREMENT=5;
--
-- AUTO_INCREMENT for table `leave_requests`
--
ALTER TABLE `leave_requests`
  MODIFY `id` int(10) UNSIGNED NOT NULL AUTO_INCREMENT, AUTO_INCREMENT=20;
--
-- AUTO_INCREMENT for table `openings`
--
ALTER TABLE `openings`
  MODIFY `id` int(10) UNSIGNED NOT NULL AUTO_INCREMENT, AUTO_INCREMENT=3;
--
-- AUTO_INCREMENT for table `opening_candidates`
--
ALTER TABLE `opening_candidates`
  MODIFY `id` int(11) NOT NULL AUTO_INCREMENT, AUTO_INCREMENT=5;
--
-- AUTO_INCREMENT for table `payroll`
--
ALTER TABLE `payroll`
  MODIFY `id` int(11) NOT NULL AUTO_INCREMENT, AUTO_INCREMENT=2;
--
-- AUTO_INCREMENT for table `philhealth_contribution_lookup`
--
ALTER TABLE `philhealth_contribution_lookup`
  MODIFY `id` int(11) NOT NULL AUTO_INCREMENT, AUTO_INCREMENT=29;
--
-- AUTO_INCREMENT for table `positions`
--
ALTER TABLE `positions`
  MODIFY `id` int(10) UNSIGNED NOT NULL AUTO_INCREMENT, AUTO_INCREMENT=9;
--
-- AUTO_INCREMENT for table `profiles`
--
ALTER TABLE `profiles`
  MODIFY `id` int(10) UNSIGNED NOT NULL AUTO_INCREMENT, AUTO_INCREMENT=25;
--
-- AUTO_INCREMENT for table `resume`
--
ALTER TABLE `resume`
  MODIFY `id` int(10) UNSIGNED NOT NULL AUTO_INCREMENT, AUTO_INCREMENT=5;
--
-- AUTO_INCREMENT for table `salary_table`
--
ALTER TABLE `salary_table`
  MODIFY `id` int(11) NOT NULL AUTO_INCREMENT, AUTO_INCREMENT=7;
--
-- AUTO_INCREMENT for table `sss_contribution_lookup`
--
ALTER TABLE `sss_contribution_lookup`
  MODIFY `id` int(11) NOT NULL AUTO_INCREMENT, AUTO_INCREMENT=32;
--
-- AUTO_INCREMENT for table `steps`
--
ALTER TABLE `steps`
  MODIFY `id` int(10) UNSIGNED NOT NULL AUTO_INCREMENT;
--
-- AUTO_INCREMENT for table `tax_excemptions`
--
ALTER TABLE `tax_excemptions`
  MODIFY `id` int(11) NOT NULL AUTO_INCREMENT, AUTO_INCREMENT=7;
--
-- AUTO_INCREMENT for table `tax_table`
--
ALTER TABLE `tax_table`
  MODIFY `id` int(11) NOT NULL AUTO_INCREMENT, AUTO_INCREMENT=43;
--
-- AUTO_INCREMENT for table `users`
--
ALTER TABLE `users`
  MODIFY `id` int(10) UNSIGNED NOT NULL AUTO_INCREMENT, AUTO_INCREMENT=32;
/*!40101 SET CHARACTER_SET_CLIENT=@OLD_CHARACTER_SET_CLIENT */;
/*!40101 SET CHARACTER_SET_RESULTS=@OLD_CHARACTER_SET_RESULTS */;
/*!40101 SET COLLATION_CONNECTION=@OLD_COLLATION_CONNECTION */;
